Country,Date,Cumulative_cases,Cumulative_deaths,New_cases,New_deaths
Guinea,8/29/2014,648,430,648,430
Liberia,8/29/2014,1378,694,,
Nigeria,8/29/2014,19,7,,
Sierra Leone,8/29/2014,1026,422,,
Guinea,9/5/2014,812,517,,87
Liberia,9/5/2014,1871,1089,,
Nigeria,9/5/2014,22,8,,
Senegal,9/5/2014,1,0,,
Sierra Leone,9/5/2014,1261,491,,
Guinea,9/8/2014,862,555,,
Liberia,9/8/2014,2046,1224,,
Nigeria,9/8/2014,21,8,,
Senegal,9/8/2014,3,0,,
Sierra Leone,9/8/2014,1361,509,,
Guinea,9/12/2014,861,557,,
Liberia,9/12/2014,2081,1137,,
Nigeria,9/12/2014,21,8,,
Senegal,9/12/2014,3,0,,
Sierra Leone,9/12/2014,1424,524,,
Guinea,9/16/2014,936,595,,
Liberia,9/16/2014,2407,1296,,
Nigeria,9/16/2014,21,8,,
Senegal,9/16/2014,1,0,,
Sierra Leone,9/16/2014,1620,562,,
Guinea,9/18/2014,942,601,,
Liberia,9/18/2014,2710,1459,,
Nigeria,9/18/2014,21,8,,
Senegal,9/18/2014,1,0,,
Sierra Leone,9/18/2014,1673,562,,
Guinea,9/22/2014,1008,632,,
Liberia,9/22/2014,3022,1578,,
Nigeria,9/22/2014,20,8,,
Senegal,9/22/2014,1,0,,
Sierra Leone,9/22/2014,1813,593,,
Guinea,9/24/2014,1022,635,,
Liberia,9/24/2014,3280,1677,,
Nigeria,9/24/2014,20,8,,
Senegal,9/24/2014,1,0,,
Sierra Leone,9/24/2014,1940,597,,
Guinea,9/26/2014,1074,648,,
Liberia,9/26/2014,3458,1830,,
Nigeria,9/26/2014,20,8,,
Senegal,9/26/2014,1,0,,
Sierra Leone,9/26/2014,2021,605,,
Guinea,10/1/2014,1157,710,,
Liberia,10/1/2014,3696,1998,,
Nigeria,10/1/2014,20,8,,
Senegal,10/1/2014,1,0,,
Sierra Leone,10/1/2014,2304,622,,
Guinea,10/3/2014,1199,739,,
Liberia,10/3/2014,3834,2069,,
Nigeria,10/3/2014,20,8,,
Senegal,10/3/2014,1,0,,
Sierra Leone,10/3/2014,2437,623,,
United States of America,10/3/2014,1,0,,
Guinea,10/8/2014,1298,768,,
Liberia,10/8/2014,3924,2210,,
Nigeria,10/8/2014,20,8,,
Senegal,10/8/2014,1,0,,
Sierra Leone,10/8/2014,2789,879,,
United States of America,10/8/2014,1,0,,
Guinea,10/10/2014,1350,778,,
Liberia,10/10/2014,4076,2316,,
Nigeria,10/10/2014,20,8,,
Senegal,10/10/2014,1,0,,
Sierra Leone,10/10/2014,2950,930,,
Spain,10/10/2014,1,0,,
United States of America,10/10/2014,1,0,,
Guinea,10/15/2014,1472,843,,
Liberia,10/15/2014,4249,2458,,
Nigeria,10/15/2014,20,8,,
Senegal,10/15/2014,1,0,,
Sierra Leone,10/15/2014,3252,1183,,
Spain,10/15/2014,1,0,,
United States of America,10/15/2014,2,1,,
Guinea,10/17/2014,1519,862,,
Liberia,10/17/2014,4262,2484,,
Nigeria,10/17/2014,20,8,,
Senegal,10/17/2014,1,0,,
Sierra Leone,10/17/2014,3410,1200,,
Spain,10/17/2014,1,0,,
United States of America,10/17/2014,3,1,,
Guinea,10/22/2014,1540,904,,
Liberia,10/22/2014,4665,2705,,
Nigeria,10/22/2014,20,8,,
Senegal,10/22/2014,1,0,,
Sierra Leone,10/22/2014,3706,1259,,
Spain,10/22/2014,1,0,,
United States of America,10/22/2014,3,1,,
Guinea,10/25/2014,1553,926,,
Liberia,10/25/2014,4665,2705,,
Mali,10/25/2014,1,1,,
Nigeria,10/25/2014,20,8,,
Senegal,10/25/2014,1,0,,
Sierra Leone,10/25/2014,3896,1281,,
Spain,10/25/2014,1,0,,
United States of America,10/25/2014,4,1,,
Guinea,10/29/2014,1906,997,,
Liberia,10/29/2014,6535,2413,,
Mali,10/29/2014,1,1,,
Nigeria,10/29/2014,20,8,,
Senegal,10/29/2014,1,0,,
Sierra Leone,10/29/2014,5235,1500,,
Spain,10/29/2014,1,0,,
United States of America,10/29/2014,4,1,,
Guinea,10/31/2014,1667,1018,,
Liberia,10/31/2014,6535,2413,,
Mali,10/31/2014,1,1,,
Nigeria,10/31/2014,20,8,,
Senegal,10/31/2014,1,0,,
Sierra Leone,10/31/2014,5338,1510,,
Spain,10/31/2014,1,0,,
United States of America,10/31/2014,4,1,,
Guinea,11/5/2014,1731,1041,,
Liberia,11/5/2014,6525,2697,,
Mali,11/5/2014,1,1,,
Nigeria,11/5/2014,20,8,,
Senegal,11/5/2014,1,0,,
Sierra Leone,11/5/2014,4759,1070,,
Spain,11/5/2014,1,0,,
United States of America,11/5/2014,4,1,,
Guinea,11/7/2014,1760,1054,,
Liberia,11/7/2014,6619,2766,,
Mali,11/7/2014,1,1,,
Nigeria,11/7/2014,20,8,,
Senegal,11/7/2014,1,0,,
Sierra Leone,11/7/2014,4862,1130,,
Spain,11/7/2014,1,0,,
United States of America,11/7/2014,4,1,,
Guinea,11/12/2014,1878,1142,,
Liberia,11/12/2014,6822,2836,,
Mali,11/12/2014,4,4,,
Nigeria,11/12/2014,20,8,,
Senegal,11/12/2014,1,0,,
Sierra Leone,11/12/2014,5368,1169,,
Spain,11/12/2014,1,0,,
United States of America,11/12/2014,4,1,,
Guinea,11/14/2014,1919,1166,,
Liberia,11/14/2014,6878,2812,,
Mali,11/14/2014,4,3,,
Nigeria,11/14/2014,20,8,,
Senegal,11/14/2014,1,0,,
Sierra Leone,11/14/2014,5586,1187,,
Spain,11/14/2014,1,0,,
United States of America,11/14/2014,4,1,,
Guinea,11/19/2014,1971,1192,,
Liberia,11/19/2014,7069,2964,,
Mali,11/19/2014,6,5,,
Nigeria,11/19/2014,20,8,,
Senegal,11/19/2014,1,0,,
Sierra Leone,11/19/2014,6073,1250,,
Spain,11/19/2014,1,0,,
United States of America,11/19/2014,4,1,,
Guinea,11/21/2014,2047,1214,,
Liberia,11/21/2014,7082,2963,,
Mali,11/21/2014,6,6,,
Nigeria,11/21/2014,20,8,,
Senegal,11/21/2014,1,0,,
Sierra Leone,11/21/2014,6190,1267,,
Spain,11/21/2014,1,0,,
United States of America,11/21/2014,4,1,,
Guinea,11/26/2014,2134,1260,,
Liberia,11/26/2014,7168,3016,,
Mali,11/26/2014,8,6,,
Nigeria,11/26/2014,20,8,,
Senegal,11/26/2014,1,0,,
Sierra Leone,11/26/2014,6599,1398,,
Spain,11/26/2014,1,0,,
United States of America,11/26/2014,4,1,,
Guinea,12/1/2014,2155,1312,,
Liberia,12/1/2014,7635,3145,,
Mali,12/1/2014,8,6,,
Nigeria,12/1/2014,20,8,,
Senegal,12/1/2014,1,0,,
Sierra Leone,12/1/2014,7109,1530,,
Spain,12/1/2014,1,0,,
United States of America,12/1/2014,4,1,,
Guinea,12/3/2014,2164,1327,,
Liberia,12/3/2014,7635,3145,,
Mali,12/3/2014,8,6,,
Nigeria,12/3/2014,20,8,,
Senegal,12/3/2014,1,0,,
Sierra Leone,12/3/2014,7312,1583,,
Spain,12/3/2014,1,0,,
United States of America,12/3/2014,4,1,,
Guinea,12/10/2014,2292,1428,,
Liberia,12/10/2014,7719,3177,,
Mali,12/10/2014,8,6,,
Nigeria,12/10/2014,20,8,,
Senegal,12/10/2014,1,0,,
Sierra Leone,12/10/2014,7897,1768,,
Spain,12/10/2014,1,0,,
United States of America,12/10/2014,4,1,,
Guinea,12/15/2014,2394,1518,,
Liberia,12/15/2014,7797,3290,,
Mali,12/15/2014,8,6,,
Nigeria,12/15/2014,20,8,,
Senegal,12/15/2014,1,0,,
Sierra Leone,12/15/2014,8273,2033,,
Spain,12/15/2014,1,0,,
United States of America,12/15/2014,4,1,,
Guinea,12/17/2014,2416,1525,,
Liberia,12/17/2014,7797,3290,,
Mali,12/17/2014,8,6,,
Nigeria,12/17/2014,20,8,,
Senegal,12/17/2014,1,0,,
Sierra Leone,12/17/2014,8356,2085,,
Spain,12/17/2014,1,0,,
United States of America,12/17/2014,4,1,,
Guinea,12/22/2014,2571,1586,,
Liberia,12/22/2014,7830,3376,,
Mali,12/22/2014,8,6,,
Nigeria,12/22/2014,20,8,,
Senegal,12/22/2014,1,0,,
Sierra Leone,12/22/2014,8939,2556,,
Spain,12/22/2014,1,0,,
United States of America,12/22/2014,4,1,,
Guinea,12/23/2014,2597,1607,,
Liberia,12/23/2014,7830,3376,,
Mali,12/23/2014,8,6,,
Nigeria,12/23/2014,20,8,,
Senegal,12/23/2014,1,0,,
Sierra Leone,12/23/2014,9004,2582,,
Spain,12/23/2014,1,0,,
United States of America,12/23/2014,4,1,,
Guinea,12/24/2014,2597,1607,,
Liberia,12/24/2014,7862,3384,,
Mali,12/24/2014,8,6,,
Nigeria,12/24/2014,20,8,,
Senegal,12/24/2014,1,0,,
Sierra Leone,12/24/2014,9004,2582,,
Spain,12/24/2014,1,0,,
United States of America,12/24/2014,4,1,,
Guinea,12/26/2014,2630,1654,,
Liberia,12/26/2014,7862,3384,,
Mali,12/26/2014,8,6,,
Nigeria,12/26/2014,20,8,,
Senegal,12/26/2014,1,0,,
Sierra Leone,12/26/2014,9203,2655,,
Spain,12/26/2014,1,0,,
United States of America,12/26/2014,4,1,,
Guinea,12/29/2014,2695,1697,,
Liberia,12/29/2014,7977,3413,,
Mali,12/29/2014,8,6,,
Nigeria,12/29/2014,20,8,,
Senegal,12/29/2014,1,0,,
Sierra Leone,12/29/2014,9409,2732,,
Spain,12/29/2014,1,0,,
United States of America,12/29/2014,4,1,,
Guinea,12/30/2014,2706,1708,,
Liberia,12/30/2014,7977,3413,,
Mali,12/30/2014,8,6,,
Nigeria,12/30/2014,20,8,,
Senegal,12/30/2014,1,0,,
Sierra Leone,12/30/2014,9446,2758,,
Spain,12/30/2014,1,0,,
United States of America,12/30/2014,4,1,,
Guinea,12/31/2014,2707,1709,,
Liberia,12/31/2014,8018,3423,,
Mali,12/31/2014,8,6,,
Nigeria,12/31/2014,20,8,,
Senegal,12/31/2014,1,0,,
Sierra Leone,12/31/2014,9446,2758,,
Spain,12/31/2014,1,0,,
United States of America,12/31/2014,4,1,,
Guinea,1/2/2015,2730,1739,,
Liberia,1/2/2015,8018,3423,,
Mali,1/2/2015,8,6,,
Nigeria,1/2/2015,20,8,,
Senegal,1/2/2015,1,0,,
Sierra Leone,1/2/2015,9633,2827,,
Spain,1/2/2015,1,0,,
United Kingdom,1/2/2015,0,0,,
United States of America,1/2/2015,4,1,,
Guinea,1/5/2015,2769,1767,,
Liberia,1/5/2015,8115,3471,,
Mali,1/5/2015,8,6,,
Nigeria,1/5/2015,20,8,,
Senegal,1/5/2015,1,0,,
Sierra Leone,1/5/2015,9772,2915,,
Spain,1/5/2015,1,0,,
United Kingdom,1/5/2015,0,0,,
United States of America,1/5/2015,4,1,,
Guinea,1/6/2015,2775,1781,,
Liberia,1/6/2015,8157,3496,,
Mali,1/6/2015,8,6,,
Nigeria,1/6/2015,20,8,,
Senegal,1/6/2015,1,0,,
Sierra Leone,1/6/2015,9780,2943,,
Spain,1/6/2015,1,0,,
United Kingdom,1/6/2015,1,0,,
United States of America,1/6/2015,4,1,,
Guinea,1/7/2015,2775,1781,,
Liberia,1/7/2015,8157,3496,,
Mali,1/7/2015,8,6,,
Nigeria,1/7/2015,20,8,,
Senegal,1/7/2015,1,0,,
Sierra Leone,1/7/2015,9780,2943,,
Spain,1/7/2015,1,0,,
United Kingdom,1/7/2015,1,0,,
United States of America,1/7/2015,4,1,,
Guinea,1/8/2015,2776,1786,,
Liberia,1/8/2015,8166,3496,,
Mali,1/8/2015,0,6,,
Sierra Leone,1/8/2015,10030,2977,,
United Kingdom,1/8/2015,0,0,,
Guinea,1/9/2015,2793,1797,,
Liberia,1/9/2015,8263,3515,,
Mali,1/9/2015,0,6,,
Sierra Leone,1/9/2015,10030,2977,,
United Kingdom,1/9/2015,0,0,,
Guinea,1/12/2015,2799,1807,,
Liberia,1/12/2015,8278,3515,,
Mali,1/12/2015,0,6,,
Sierra Leone,1/12/2015,10094,3049,,
United Kingdom,1/12/2015,0,0,,
Guinea,1/13/2015,2799,1807,,
Liberia,1/13/2015,8278,3515,,
Mali,1/13/2015,0,6,,
Sierra Leone,1/13/2015,10094,3049,,
United Kingdom,1/13/2015,0,0,,
Guinea,1/14/2015,2806,1814,,
Liberia,1/14/2015,8331,3538,,
Mali,1/14/2015,8,6,,
Nigeria,1/14/2015,20,8,,
Senegal,1/14/2015,1,0,,
Sierra Leone,1/14/2015,10124,3062,,
Spain,1/14/2015,1,0,,
United Kingdom,1/14/2015,1,0,,
United States of America,1/14/2015,4,1,,
Guinea,1/15/2015,2817,1821,,
Liberia,1/15/2015,8362,3556,,
Mali,1/15/2015,8,6,,
Nigeria,1/15/2015,20,8,,
Senegal,1/15/2015,1,0,,
Sierra Leone,1/15/2015,10150,3067,,
Spain,1/15/2015,1,0,,
United Kingdom,1/15/2015,1,0,,
United States of America,1/15/2015,4,1,,
Guinea,1/16/2015,2825,1829,,
Liberia,1/16/2015,8362,3556,,
Mali,1/16/2015,8,6,,
Nigeria,1/16/2015,20,8,,
Senegal,1/16/2015,1,0,,
Sierra Leone,1/16/2015,10186,3083,,
Spain,1/16/2015,1,0,,
United Kingdom,1/16/2015,1,0,,
United States of America,1/16/2015,4,1,,
Guinea,1/19/2015,2873,1875,,
Liberia,1/19/2015,8435,3587,,
Mali,1/19/2015,8,6,,
Nigeria,1/19/2015,20,8,,
Senegal,1/19/2015,1,0,,
Sierra Leone,1/19/2015,10306,3132,,
Spain,1/19/2015,1,0,,
United Kingdom,1/19/2015,1,0,,
United States of America,1/19/2015,4,1,,
Guinea,1/20/2015,2871,1876,,
Liberia,1/20/2015,8478,3605,,
Mali,1/20/2015,8,6,,
Nigeria,1/20/2015,20,8,,
Senegal,1/20/2015,1,0,,
Sierra Leone,1/20/2015,10340,3145,,
Spain,1/20/2015,1,0,,
United Kingdom,1/20/2015,1,0,,
United States of America,1/20/2015,4,1,,
Guinea,1/21/2015,2871,1876,,
Liberia,1/21/2015,8478,3605,,
Mali,1/21/2015,8,6,,
Nigeria,1/21/2015,20,8,,
Senegal,1/21/2015,1,0,,
Sierra Leone,1/21/2015,10340,3145,,
Spain,1/21/2015,1,0,,
United Kingdom,1/21/2015,1,0,,
United States of America,1/21/2015,4,1,,
Guinea,1/22/2015,2873,1879,,
Liberia,1/22/2015,8524,3636,,
Mali,1/22/2015,8,6,,
Nigeria,1/22/2015,20,8,,
Senegal,1/22/2015,1,0,,
Sierra Leone,1/22/2015,10362,3153,,
Spain,1/22/2015,1,0,,
United Kingdom,1/22/2015,1,0,,
United States of America,1/22/2015,4,1,,
Guinea,1/23/2015,2873,1880,,
Liberia,1/23/2015,8524,3636,,
Mali,1/23/2015,8,6,,
Nigeria,1/23/2015,20,8,,
Senegal,1/23/2015,1,0,,
Sierra Leone,1/23/2015,10400,3159,,
Spain,1/23/2015,1,0,,
United Kingdom,1/23/2015,1,0,,
United States of America,1/23/2015,4,1,,
Guinea,1/26/2015,2909,1906,,
Liberia,1/26/2015,8524,3636,,
Mali,1/26/2015,8,6,,
Nigeria,1/26/2015,20,8,,
Senegal,1/26/2015,1,0,,
Sierra Leone,1/26/2015,10491,3195,,
Spain,1/26/2015,1,0,,
United Kingdom,1/26/2015,1,0,,
United States of America,1/26/2015,4,1,,
Guinea,1/27/2015,2917,1910,,
Liberia,1/27/2015,8622,3686,,
Mali,1/27/2015,8,6,,
Nigeria,1/27/2015,20,8,,
Senegal,1/27/2015,1,0,,
Sierra Leone,1/27/2015,10518,3199,,
Spain,1/27/2015,1,0,,
United Kingdom,1/27/2015,1,0,,
United States of America,1/27/2015,4,1,,
Guinea,1/28/2015,2917,1910,,
Liberia,1/28/2015,8622,3686,,
Mali,1/28/2015,8,6,,
Nigeria,1/28/2015,20,8,,
Senegal,1/28/2015,1,0,,
Sierra Leone,1/28/2015,10518,3199,,
Spain,1/28/2015,1,0,,
United Kingdom,1/28/2015,1,0,,
United States of America,1/28/2015,4,1,,
Guinea,1/29/2015,2921,1911,,
Liberia,1/29/2015,8643,3700,,
Mali,1/29/2015,8,6,,
Nigeria,1/29/2015,20,8,,
Senegal,1/29/2015,1,0,,
Sierra Leone,1/29/2015,10537,3207,,
Spain,1/29/2015,1,0,,
United Kingdom,1/29/2015,1,0,,
United States of America,1/29/2015,4,1,,
Guinea,1/30/2015,2920,1913,,
Liberia,1/30/2015,8643,3700,,
Mali,1/30/2015,8,6,,
Nigeria,1/30/2015,20,8,,
Senegal,1/30/2015,1,0,,
Sierra Leone,1/30/2015,10561,3216,,
Spain,1/30/2015,1,0,,
United Kingdom,1/30/2015,1,0,,
United States of America,1/30/2015,4,1,,
Guinea,2/2/2015,2959,1937,,
Liberia,2/2/2015,8668,3710,,
Mali,2/2/2015,8,6,,
Nigeria,2/2/2015,20,8,,
Senegal,2/2/2015,1,0,,
Sierra Leone,2/2/2015,10707,3274,,
Spain,2/2/2015,1,0,,
United Kingdom,2/2/2015,1,0,,
United States of America,2/2/2015,4,1,,
Guinea,2/3/2015,2975,1944,,
Liberia,2/3/2015,8729,3739,,
Mali,2/3/2015,8,6,,
Nigeria,2/3/2015,20,8,,
Senegal,2/3/2015,1,0,,
Sierra Leone,2/3/2015,10740,3276,,
Spain,2/3/2015,1,0,,
United Kingdom,2/3/2015,1,0,,
United States of America,2/3/2015,4,1,,
Guinea,2/4/2015,2975,1944,,
Liberia,2/4/2015,8745,3746,,
Mali,2/4/2015,8,6,,
Nigeria,2/4/2015,20,8,,
Senegal,2/4/2015,1,0,,
Sierra Leone,2/4/2015,10740,3276,,
Spain,2/4/2015,1,0,,
United Kingdom,2/4/2015,1,0,,
United States of America,2/4/2015,4,1,,
Guinea,2/5/2015,2986,1947,,
Liberia,2/5/2015,8745,3746,,
Mali,2/5/2015,8,6,,
Nigeria,2/5/2015,20,8,,
Senegal,2/5/2015,1,0,,
Sierra Leone,2/5/2015,10756,3286,,
Spain,2/5/2015,1,0,,
United Kingdom,2/5/2015,1,0,,
United States of America,2/5/2015,4,1,,
Guinea,2/6/2015,2988,1957,,
Liberia,2/6/2015,8745,3746,,
Mali,2/6/2015,8,6,,
Nigeria,2/6/2015,20,8,,
Senegal,2/6/2015,1,0,,
Sierra Leone,2/6/2015,10792,3301,,
Spain,2/6/2015,1,0,,
United Kingdom,2/6/2015,1,0,,
United States of America,2/6/2015,4,1,,
Guinea,2/10/2015,3044,1995,,
Liberia,2/10/2015,8881,3826,,
Mali,2/10/2015,8,6,,
Nigeria,2/10/2015,20,8,,
Senegal,2/10/2015,1,0,,
Sierra Leone,2/10/2015,10934,3341,,
Spain,2/10/2015,1,0,,
United Kingdom,2/10/2015,1,0,,
United States of America,2/10/2015,4,1,,
Guinea,2/11/2015,3044,1995,,
Liberia,2/11/2015,8881,3826,,
Mali,2/11/2015,8,6,,
Nigeria,2/11/2015,20,8,,
Senegal,2/11/2015,1,0,,
Sierra Leone,2/11/2015,10934,3341,,
Spain,2/11/2015,1,0,,
United Kingdom,2/11/2015,1,0,,
United States of America,2/11/2015,4,1,,
Guinea,2/12/2015,3068,2018,,
Liberia,2/12/2015,8881,3826,,
Mali,2/12/2015,8,6,,
Nigeria,2/12/2015,20,8,,
Senegal,2/12/2015,1,0,,
Sierra Leone,2/12/2015,10954,3350,,
Spain,2/12/2015,1,0,,
United Kingdom,2/12/2015,1,0,,
United States of America,2/12/2015,4,1,,
Guinea,2/13/2015,3081,2032,,
Liberia,2/13/2015,8931,3858,,
Mali,2/13/2015,8,6,,
Nigeria,2/13/2015,20,8,,
Senegal,2/13/2015,1,0,,
Sierra Leone,2/13/2015,10987,3363,,
Spain,2/13/2015,1,0,,
United Kingdom,2/13/2015,1,0,,
United States of America,2/13/2015,4,1,,
Guinea,2/16/2015,3101,2052,,
Liberia,2/16/2015,9007,3900,,
Mali,2/16/2015,8,6,,
Nigeria,2/16/2015,20,8,,
Senegal,2/16/2015,1,0,,
Sierra Leone,2/16/2015,11074,3401,,
Spain,2/16/2015,1,0,,
United Kingdom,2/16/2015,1,0,,
United States of America,2/16/2015,4,1,,
Guinea,2/17/2015,3108,2057,,
Liberia,2/17/2015,9007,3900,,
Mali,2/17/2015,8,6,,
Nigeria,2/17/2015,20,8,,
Senegal,2/17/2015,1,0,,
Sierra Leone,2/17/2015,11103,3408,,
Spain,2/17/2015,1,0,,
United Kingdom,2/17/2015,1,0,,
United States of America,2/17/2015,4,1,,
Guinea,2/18/2015,3108,2057,,
Liberia,2/18/2015,9007,3900,,
Mali,2/18/2015,8,6,,
Nigeria,2/18/2015,20,8,,
Senegal,2/18/2015,1,0,,
Sierra Leone,2/18/2015,11103,3408,,
Spain,2/18/2015,1,0,,
United Kingdom,2/18/2015,1,0,,
United States of America,2/18/2015,4,1,,
Guinea,2/19/2015,3115,2067,,
Liberia,2/19/2015,9096,3947,,
Mali,2/19/2015,8,6,,
Nigeria,2/19/2015,20,8,,
Senegal,2/19/2015,1,0,,
Sierra Leone,2/19/2015,11155,3423,,
Spain,2/19/2015,1,0,,
United Kingdom,2/19/2015,1,0,,
United States of America,2/19/2015,4,1,,
Guinea,2/20/2015,3120,2072,,
Liberia,2/20/2015,9096,3947,,
Mali,2/20/2015,8,6,,
Nigeria,2/20/2015,20,8,,
Senegal,2/20/2015,1,0,,
Sierra Leone,2/20/2015,11155,3423,,
Spain,2/20/2015,1,0,,
United Kingdom,2/20/2015,1,0,,
United States of America,2/20/2015,4,1,,
Guinea,2/23/2015,3155,2086,,
Liberia,2/23/2015,9229,4032,,
Mali,2/23/2015,8,6,,
Nigeria,2/23/2015,20,8,,
Senegal,2/23/2015,1,0,,
Sierra Leone,2/23/2015,11155,3423,,
Spain,2/23/2015,1,0,,
United Kingdom,2/23/2015,1,0,,
United States of America,2/23/2015,4,1,,
Guinea,2/25/2015,3155,2091,,
Liberia,2/25/2015,9238,4037,,
Mali,2/25/2015,8,6,,
Nigeria,2/25/2015,20,8,,
Senegal,2/25/2015,1,0,,
Sierra Leone,2/25/2015,11301,3461,,
Spain,2/25/2015,1,0,,
United Kingdom,2/25/2015,1,0,,
United States of America,2/25/2015,4,1,,
Guinea,2/26/2015,3175,2101,,
Liberia,2/26/2015,9265,4057,,
Mali,2/26/2015,8,6,,
Nigeria,2/26/2015,20,8,,
Senegal,2/26/2015,1,0,,
Sierra Leone,2/26/2015,11341,3479,,
Spain,2/26/2015,1,0,,
United Kingdom,2/26/2015,1,0,,
United States of America,2/26/2015,4,1,,
Guinea,2/27/2015,3190,2113,,
Liberia,2/27/2015,9265,4057,,
Mali,2/27/2015,8,6,,
Nigeria,2/27/2015,20,8,,
Senegal,2/27/2015,1,0,,
Sierra Leone,2/27/2015,11370,3490,,
Spain,2/27/2015,1,0,,
United Kingdom,2/27/2015,1,0,,
United States of America,2/27/2015,4,1,,
Guinea,3/2/2015,3205,2127,,
Liberia,3/2/2015,9265,4057,,
Mali,3/2/2015,8,6,,
Nigeria,3/2/2015,20,8,,
Senegal,3/2/2015,1,0,,
Sierra Leone,3/2/2015,11443,3530,,
Spain,3/2/2015,1,0,,
United Kingdom,3/2/2015,1,0,,
United States of America,3/2/2015,4,1,,
Guinea,3/4/2015,3205,2127,,
Liberia,3/4/2015,9265,4057,,
Mali,3/4/2015,8,6,,
Nigeria,3/4/2015,20,8,,
Senegal,3/4/2015,1,0,,
Sierra Leone,3/4/2015,11443,3530,,
Spain,3/4/2015,1,0,,
United Kingdom,3/4/2015,1,0,,
United States of America,3/4/2015,4,1,,
Guinea,3/5/2015,3237,2141,,
Liberia,3/5/2015,9249,4117,,
Mali,3/5/2015,8,6,,
Nigeria,3/5/2015,20,8,,
Senegal,3/5/2015,1,0,,
Sierra Leone,3/5/2015,11497,3565,,
Spain,3/5/2015,1,0,,
United Kingdom,3/5/2015,1,0,,
United States of America,3/5/2015,4,1,,
Guinea,3/6/2015,3248,2147,,
Liberia,3/6/2015,9249,4117,,
Mali,3/6/2015,8,6,,
Nigeria,3/6/2015,20,8,,
Senegal,3/6/2015,1,0,,
Sierra Leone,3/6/2015,11517,3576,,
Spain,3/6/2015,1,0,,
United Kingdom,3/6/2015,1,0,,
United States of America,3/6/2015,4,1,,
Guinea,3/10/2015,3285,2170,,
Liberia,3/10/2015,9343,4162,,
Mali,3/10/2015,8,6,,
Nigeria,3/10/2015,20,8,,
Senegal,3/10/2015,1,0,,
Sierra Leone,3/10/2015,11619,3629,,
Spain,3/10/2015,1,0,,
United Kingdom,3/10/2015,1,0,,
United States of America,3/10/2015,4,1,,
Guinea,3/11/2015,3285,2170,,
Liberia,3/11/2015,9343,4162,,
Mali,3/11/2015,8,6,,
Nigeria,3/11/2015,20,8,,
Senegal,3/11/2015,1,0,,
Sierra Leone,3/11/2015,11619,3629,,
Spain,3/11/2015,1,0,,
United Kingdom,3/11/2015,1,0,,
United States of America,3/11/2015,4,1,,
Guinea,3/12/2015,3330,2187,,
Liberia,3/12/2015,9343,4162,,
Mali,3/12/2015,8,6,,
Nigeria,3/12/2015,20,8,,
Senegal,3/12/2015,1,0,,
Sierra Leone,3/12/2015,11677,3655,,
Spain,3/12/2015,1,0,,
United Kingdom,3/12/2015,1,0,,
United States of America,3/12/2015,4,1,,
Guinea,3/13/2015,3331,2192,,
Liberia,3/13/2015,9482,4241,,
Mali,3/13/2015,8,6,,
Nigeria,3/13/2015,20,8,,
Senegal,3/13/2015,1,0,,
Sierra Leone,3/13/2015,11696,3663,,
Spain,3/13/2015,1,0,,
United Kingdom,3/13/2015,1,0,,
United States of America,3/13/2015,4,1,,
Guinea,3/16/2015,3373,2216,,
Liberia,3/16/2015,9482,4241,,
Mali,3/16/2015,8,6,,
Nigeria,3/16/2015,20,8,,
Senegal,3/16/2015,1,0,,
Sierra Leone,3/16/2015,11742,3687,,
Spain,3/16/2015,1,0,,
United Kingdom,3/16/2015,1,0,,
United States of America,3/16/2015,4,1,,
Guinea,3/17/2015,3389,2224,,
Liberia,3/17/2015,9526,4264,,
Mali,3/17/2015,8,6,,
Nigeria,3/17/2015,20,8,,
Senegal,3/17/2015,1,0,,
Sierra Leone,3/17/2015,11751,3691,,
Spain,3/17/2015,1,0,,
United Kingdom,3/17/2015,1,0,,
United States of America,3/17/2015,4,1,,
Guinea,3/18/2015,3389,2224,,
Liberia,3/18/2015,9526,4264,,
Mali,3/18/2015,8,6,,
Nigeria,3/18/2015,20,8,,
Senegal,3/18/2015,1,0,,
Sierra Leone,3/18/2015,11751,3691,,
Spain,3/18/2015,1,0,,
United Kingdom,3/18/2015,1,0,,
United States of America,3/18/2015,4,1,,
Guinea,3/20/2015,3404,2241,,
Liberia,3/20/2015,9555,4283,,
Mali,3/20/2015,8,6,,
Nigeria,3/20/2015,20,8,,
Senegal,3/20/2015,1,0,,
Sierra Leone,3/20/2015,11794,3712,,
Spain,3/20/2015,1,0,,
United Kingdom,3/20/2015,1,0,,
United States of America,3/20/2015,4,1,,
Guinea,3/23/2015,3420,2261,,
Liberia,3/23/2015,9593,4296,,
Mali,3/23/2015,8,6,,
Nigeria,3/23/2015,20,8,,
Senegal,3/23/2015,1,0,,
Sierra Leone,3/23/2015,11829,3742,,
Spain,3/23/2015,1,0,,
United Kingdom,3/23/2015,1,0,,
United States of America,3/23/2015,4,1,,
Guinea,3/24/2015,3429,2263,,
Liberia,3/24/2015,9602,4301,,
Mali,3/24/2015,8,6,,
Nigeria,3/24/2015,20,8,,
Senegal,3/24/2015,1,0,,
Sierra Leone,3/24/2015,11841,3747,,
Spain,3/24/2015,1,0,,
United Kingdom,3/24/2015,1,0,,
United States of America,3/24/2015,4,1,,
Guinea,3/25/2015,3429,2263,,
Liberia,3/25/2015,9602,4301,,
Mali,3/25/2015,8,6,,
Nigeria,3/25/2015,20,8,,
Senegal,3/25/2015,1,0,,
Sierra Leone,3/25/2015,11841,3747,,
Spain,3/25/2015,1,0,,
United Kingdom,3/25/2015,1,0,,
United States of America,3/25/2015,4,1,,
Guinea,3/26/2015,3459,2273,,
Liberia,3/26/2015,9602,4301,,
Mali,3/26/2015,8,6,,
Nigeria,3/26/2015,20,8,,
Senegal,3/26/2015,1,0,,
Sierra Leone,3/26/2015,11866,3764,,
Spain,3/26/2015,1,0,,
United Kingdom,3/26/2015,1,0,,
United States of America,3/26/2015,4,1,,
Guinea,3/27/2015,3466,2276,,
Liberia,3/27/2015,9602,4301,,
Mali,3/27/2015,8,6,,
Nigeria,3/27/2015,20,8,,
Senegal,3/27/2015,1,0,,
Sierra Leone,3/27/2015,11889,3773,,
Spain,3/27/2015,1,0,,
United Kingdom,3/27/2015,1,0,,
United States of America,3/27/2015,4,1,,
Guinea,4/7/2015,3515,2333,,
Liberia,4/7/2015,9862,4408,,
Mali,4/7/2015,8,6,,
Nigeria,4/7/2015,20,8,,
Senegal,4/7/2015,1,0,,
Sierra Leone,4/7/2015,12139,3832,,
Spain,4/7/2015,1,0,,
United Kingdom,4/7/2015,1,0,,
United States of America,4/7/2015,4,1,,
Guinea,4/9/2015,3515,2335,,
Liberia,4/9/2015,9862,4408,,
Mali,4/9/2015,8,6,,
Nigeria,4/9/2015,20,8,,
Senegal,4/9/2015,1,0,,
Sierra Leone,4/9/2015,12155,3841,,
Spain,4/9/2015,1,0,,
United Kingdom,4/9/2015,1,0,,
United States of America,4/9/2015,4,1,,
Guinea,4/13/2015,3541,2342,,
Liberia,4/13/2015,9862,4408,,
Mali,4/13/2015,8,6,,
Nigeria,4/13/2015,20,8,,
Senegal,4/13/2015,1,0,,
Sierra Leone,4/13/2015,12188,3854,,
Spain,4/13/2015,1,0,,
United Kingdom,4/13/2015,1,0,,
United States of America,4/13/2015,4,1,,
Guinea,4/14/2015,3548,2346,,
Liberia,4/14/2015,9862,4408,,
Mali,4/14/2015,8,6,,
Nigeria,4/14/2015,20,8,,
Senegal,4/14/2015,1,0,,
Sierra Leone,4/14/2015,12201,3857,,
Spain,4/14/2015,1,0,,
United Kingdom,4/14/2015,1,0,,
United States of America,4/14/2015,4,1,,
Guinea,4/15/2015,3548,2346,,
Liberia,4/15/2015,10042,4486,,
Mali,4/15/2015,8,6,,
Nigeria,4/15/2015,20,8,,
Senegal,4/15/2015,1,0,,
Sierra Leone,4/15/2015,12201,3857,,
Spain,4/15/2015,1,0,,
United Kingdom,4/15/2015,1,0,,
United States of America,4/15/2015,4,1,,
Guinea,4/16/2015,3566,2348,,
Liberia,4/16/2015,10042,4486,,
Mali,4/16/2015,8,6,,
Nigeria,4/16/2015,20,8,,
Senegal,4/16/2015,1,0,,
Sierra Leone,4/16/2015,12223,3865,,
Spain,4/16/2015,1,0,,
United Kingdom,4/16/2015,1,0,,
United States of America,4/16/2015,4,1,,
Guinea,4/17/2015,3569,2351,,
Liberia,4/17/2015,10042,4486,,
Mali,4/17/2015,8,6,,
Nigeria,4/17/2015,20,8,,
Senegal,4/17/2015,1,0,,
Sierra Leone,4/17/2015,12244,3865,,
Spain,4/17/2015,1,0,,
United Kingdom,4/17/2015,1,0,,
United States of America,4/17/2015,4,1,,
Guinea,4/20/2015,3565,2357,,
Liberia,4/20/2015,10042,4486,,
Mali,4/20/2015,8,6,,
Nigeria,4/20/2015,20,8,,
Senegal,4/20/2015,1,0,,
Sierra Leone,4/20/2015,12256,3872,,
Spain,4/20/2015,1,0,,
United Kingdom,4/20/2015,1,0,,
United States of America,4/20/2015,4,1,,
Guinea,4/21/2015,3565,2358,,
Liberia,4/21/2015,10042,4486,,
Mali,4/21/2015,8,6,,
Nigeria,4/21/2015,20,8,,
Senegal,4/21/2015,1,0,,
Sierra Leone,4/21/2015,12265,3877,,
Spain,4/21/2015,1,0,,
United Kingdom,4/21/2015,1,0,,
United States of America,4/21/2015,4,1,,
Guinea,4/22/2015,3565,2358,,
Liberia,4/22/2015,10212,4573,,
Mali,4/22/2015,8,6,,
Nigeria,4/22/2015,20,8,,
Senegal,4/22/2015,1,0,,
Sierra Leone,4/22/2015,12267,3877,,
Spain,4/22/2015,1,0,,
United Kingdom,4/22/2015,1,0,,
United States of America,4/22/2015,4,1,,
Guinea,4/23/2015,3568,2362,,
Liberia,4/23/2015,10212,4573,,
Mali,4/23/2015,8,6,,
Nigeria,4/23/2015,20,8,,
Senegal,4/23/2015,1,0,,
Sierra Leone,4/23/2015,12294,3885,,
Spain,4/23/2015,1,0,,
United Kingdom,4/23/2015,1,0,,
United States of America,4/23/2015,4,1,,
Guinea,4/24/2015,3576,2365,,
Liberia,4/24/2015,10212,4573,,
Mali,4/24/2015,8,6,,
Nigeria,4/24/2015,20,8,,
Senegal,4/24/2015,1,0,,
Sierra Leone,4/24/2015,12313,3886,,
Spain,4/24/2015,1,0,,
United Kingdom,4/24/2015,1,0,,
United States of America,4/24/2015,4,1,,
Guinea,4/27/2015,3585,2374,,
Liberia,4/27/2015,10212,4573,,
Mali,4/27/2015,8,6,,
Nigeria,4/27/2015,20,8,,
Senegal,4/27/2015,1,0,,
Sierra Leone,4/27/2015,12362,3895,,
Spain,4/27/2015,1,0,,
United Kingdom,4/27/2015,1,0,,
United States of America,4/27/2015,4,1,,
Guinea,4/28/2015,3584,2377,,
Liberia,4/28/2015,10322,4608,,
Mali,4/28/2015,8,6,,
Nigeria,4/28/2015,20,8,,
Senegal,4/28/2015,1,0,,
Sierra Leone,4/28/2015,12371,3899,,
Spain,4/28/2015,1,0,,
United Kingdom,4/28/2015,1,0,,
United States of America,4/28/2015,4,1,,
Guinea,4/30/2015,3581,2381,,
Liberia,4/30/2015,10322,4608,,
Mali,4/30/2015,8,6,,
Nigeria,4/30/2015,20,8,,
Senegal,4/30/2015,1,0,,
Sierra Leone,4/30/2015,12387,3901,,
Spain,4/30/2015,1,0,,
United Kingdom,4/30/2015,1,0,,
United States of America,4/30/2015,4,1,,
Guinea,5/1/2015,3578,2383,,
Liberia,5/1/2015,10322,4608,,
Mali,5/1/2015,8,6,,
Nigeria,5/1/2015,20,8,,
Senegal,5/1/2015,1,0,,
Sierra Leone,5/1/2015,12398,3901,,
Spain,5/1/2015,1,0,,
United Kingdom,5/1/2015,1,0,,
United States of America,5/1/2015,4,1,,
Guinea,5/4/2015,3591,2385,,
Liberia,5/4/2015,10322,4608,,
Mali,5/4/2015,8,6,,
Nigeria,5/4/2015,20,8,,
Senegal,5/4/2015,1,0,,
Sierra Leone,5/4/2015,12426,3902,,
Spain,5/4/2015,1,0,,
United Kingdom,5/4/2015,1,0,,
United States of America,5/4/2015,4,1,,
Guinea,5/5/2015,3589,2386,,
Liberia,5/5/2015,10507,4691,,
Mali,5/5/2015,8,6,,
Nigeria,5/5/2015,20,8,,
Senegal,5/5/2015,1,0,,
Sierra Leone,5/5/2015,12440,3903,,
Spain,5/5/2015,1,0,,
United Kingdom,5/5/2015,1,0,,
United States of America,5/5/2015,4,1,,
Guinea,5/6/2015,3589,2386,,
Liberia,5/6/2015,10564,4716,,
Mali,5/6/2015,8,6,,
Nigeria,5/6/2015,20,8,,
Senegal,5/6/2015,1,0,,
Sierra Leone,5/6/2015,12440,3903,,
Spain,5/6/2015,1,0,,
United Kingdom,5/6/2015,1,0,,
United States of America,5/6/2015,4,1,,
Guinea,5/7/2015,3592,2387,,
Liberia,5/7/2015,10564,4716,,
Mali,5/7/2015,8,6,,
Nigeria,5/7/2015,20,8,,
Senegal,5/7/2015,1,0,,
Sierra Leone,5/7/2015,12470,3904,,
Spain,5/7/2015,1,0,,
United Kingdom,5/7/2015,1,0,,
United States of America,5/7/2015,4,1,,
Guinea,5/8/2015,3592,2387,,
Liberia,5/8/2015,10564,4716,,
Mali,5/8/2015,8,6,,
Nigeria,5/8/2015,20,8,,
Senegal,5/8/2015,1,0,,
Sierra Leone,5/8/2015,12492,3904,,
Spain,5/8/2015,1,0,,
United Kingdom,5/8/2015,1,0,,
United States of America,5/8/2015,4,1,,
Guinea,5/11/2015,3599,2391,,
Liberia,5/11/2015,10604,4769,,
Mali,5/11/2015,8,6,,
Nigeria,5/11/2015,20,8,,
Senegal,5/11/2015,1,0,,
Sierra Leone,5/11/2015,12519,3904,,
Spain,5/11/2015,1,0,,
United Kingdom,5/11/2015,1,0,,
United States of America,5/11/2015,4,1,,
Guinea,5/12/2015,3597,2392,,
Liberia,5/12/2015,10604,4769,,
Mali,5/12/2015,8,6,,
Nigeria,5/12/2015,20,8,,
Senegal,5/12/2015,1,0,,
Sierra Leone,5/12/2015,12523,3904,,
Spain,5/12/2015,1,0,,
United Kingdom,5/12/2015,1,0,,
United States of America,5/12/2015,4,1,,
Guinea,5/13/2015,3599,2391,,
Liberia,5/13/2015,10604,4769,,
Mali,5/13/2015,8,6,,
Nigeria,5/13/2015,20,8,,
Senegal,5/13/2015,1,0,,
Sierra Leone,5/13/2015,12519,3904,,
Spain,5/13/2015,1,0,,
United Kingdom,5/13/2015,1,0,,
United States of America,5/13/2015,4,1,,
Guinea,5/14/2015,3615,2399,,
Italy,5/14/2015,1,0,,
Liberia,5/14/2015,10604,4769,,
Mali,5/14/2015,8,6,,
Nigeria,5/14/2015,20,8,,
Senegal,5/14/2015,1,0,,
Sierra Leone,5/14/2015,12536,3904,,
Spain,5/14/2015,1,0,,
United Kingdom,5/14/2015,1,0,,
United States of America,5/14/2015,4,1,,
Guinea,5/15/2015,3619,2401,,
Italy,5/15/2015,1,0,,
Liberia,5/15/2015,10604,4769,,
Mali,5/15/2015,8,6,,
Nigeria,5/15/2015,20,8,,
Senegal,5/15/2015,1,0,,
Sierra Leone,5/15/2015,12540,3904,,
Spain,5/15/2015,1,0,,
United Kingdom,5/15/2015,1,0,,
United States of America,5/15/2015,4,1,,
Guinea,5/18/2015,3626,2405,,
Italy,5/18/2015,1,0,,
Liberia,5/18/2015,10666,4806,,
Mali,5/18/2015,8,6,,
Nigeria,5/18/2015,20,8,,
Senegal,5/18/2015,1,0,,
Sierra Leone,5/18/2015,12593,3906,,
Spain,5/18/2015,1,0,,
United Kingdom,5/18/2015,1,0,,
United States of America,5/18/2015,4,1,,
Guinea,5/19/2015,3635,2407,,
Italy,5/19/2015,1,0,,
Liberia,5/19/2015,10666,4806,,
Mali,5/19/2015,8,6,,
Nigeria,5/19/2015,20,8,,
Senegal,5/19/2015,1,0,,
Sierra Leone,5/19/2015,12632,3907,,
Spain,5/19/2015,1,0,,
United Kingdom,5/19/2015,1,0,,
United States of America,5/19/2015,4,1,,
Guinea,5/20/2015,3635,2407,,
Italy,5/20/2015,1,0,,
Liberia,5/20/2015,10666,4806,,
Mali,5/20/2015,8,6,,
Nigeria,5/20/2015,20,8,,
Senegal,5/20/2015,1,0,,
Sierra Leone,5/20/2015,12632,3907,,
Spain,5/20/2015,1,0,,
United Kingdom,5/20/2015,1,0,,
United States of America,5/20/2015,4,1,,
Guinea,5/21/2015,3649,2409,,
Italy,5/21/2015,1,0,,
Liberia,5/21/2015,10666,4806,,
Mali,5/21/2015,8,6,,
Nigeria,5/21/2015,20,8,,
Senegal,5/21/2015,1,0,,
Sierra Leone,5/21/2015,12656,3907,,
Spain,5/21/2015,1,0,,
United Kingdom,5/21/2015,1,0,,
United States of America,5/21/2015,4,1,,
Guinea,5/22/2015,3647,2412,,
Italy,5/22/2015,1,0,,
Liberia,5/22/2015,10666,4806,,
Mali,5/22/2015,8,6,,
Nigeria,5/22/2015,20,8,,
Senegal,5/22/2015,1,0,,
Sierra Leone,5/22/2015,12666,3907,,
Spain,5/22/2015,1,0,,
United Kingdom,5/22/2015,1,0,,
United States of America,5/22/2015,4,1,,
Guinea,5/25/2015,3640,2418,,
Italy,5/25/2015,1,0,,
Liberia,5/25/2015,10666,4806,,
Mali,5/25/2015,8,6,,
Nigeria,5/25/2015,20,8,,
Senegal,5/25/2015,1,0,,
Sierra Leone,5/25/2015,12696,3908,,
Spain,5/25/2015,1,0,,
United Kingdom,5/25/2015,1,0,,
United States of America,5/25/2015,4,1,,
Guinea,5/26/2015,3641,2420,,
Italy,5/26/2015,1,0,,
Liberia,5/26/2015,10666,4806,,
Mali,5/26/2015,8,6,,
Nigeria,5/26/2015,20,8,,
Senegal,5/26/2015,1,0,,
Sierra Leone,5/26/2015,12706,3908,,
Spain,5/26/2015,1,0,,
United Kingdom,5/26/2015,1,0,,
United States of America,5/26/2015,4,1,,
Guinea,5/27/2015,3641,2420,,
Italy,5/27/2015,1,0,,
Liberia,5/27/2015,10666,4806,,
Mali,5/27/2015,8,6,,
Nigeria,5/27/2015,20,8,,
Senegal,5/27/2015,1,0,,
Sierra Leone,5/27/2015,12706,3908,,
Spain,5/27/2015,1,0,,
United Kingdom,5/27/2015,1,0,,
United States of America,5/27/2015,4,1,,
Guinea,5/28/2015,3639,2423,,
Italy,5/28/2015,1,0,,
Liberia,5/28/2015,10666,4806,,
Mali,5/28/2015,8,6,,
Nigeria,5/28/2015,20,8,,
Senegal,5/28/2015,1,0,,
Sierra Leone,5/28/2015,12735,3911,,
Spain,5/28/2015,1,0,,
United Kingdom,5/28/2015,1,0,,
United States of America,5/28/2015,4,1,,
Guinea,5/29/2015,3644,2425,,
Italy,5/29/2015,1,0,,
Liberia,5/29/2015,10666,4806,,
Mali,5/29/2015,8,6,,
Nigeria,5/29/2015,20,8,,
Senegal,5/29/2015,1,0,,
Sierra Leone,5/29/2015,12745,3911,,
Spain,5/29/2015,1,0,,
United Kingdom,5/29/2015,1,0,,
United States of America,5/29/2015,4,1,,
Guinea,6/1/2015,3653,2428,,
Italy,6/1/2015,1,0,,
Liberia,6/1/2015,10666,4806,,
Mali,6/1/2015,8,6,,
Nigeria,6/1/2015,20,8,,
Senegal,6/1/2015,1,0,,
Sierra Leone,6/1/2015,12816,3911,,
Spain,6/1/2015,1,0,,
United Kingdom,6/1/2015,1,0,,
United States of America,6/1/2015,4,1,,
Guinea,6/2/2015,3652,2429,,
Italy,6/2/2015,1,0,,
Liberia,6/2/2015,10666,4806,,
Mali,6/2/2015,8,6,,
Nigeria,6/2/2015,20,8,,
Senegal,6/2/2015,1,0,,
Sierra Leone,6/2/2015,12827,3912,,
Spain,6/2/2015,1,0,,
United Kingdom,6/2/2015,1,0,,
United States of America,6/2/2015,4,1,,
Guinea,6/3/2015,3652,2429,,
Italy,6/3/2015,1,0,,
Liberia,6/3/2015,10666,4806,,
Mali,6/3/2015,8,6,,
Nigeria,6/3/2015,20,8,,
Senegal,6/3/2015,1,0,,
Sierra Leone,6/3/2015,12827,3912,,
Spain,6/3/2015,1,0,,
United Kingdom,6/3/2015,1,0,,
United States of America,6/3/2015,4,1,,
Guinea,6/4/2015,3657,2431,,
Italy,6/4/2015,1,0,,
Liberia,6/4/2015,10666,4806,,
Mali,6/4/2015,8,6,,
Nigeria,6/4/2015,20,8,,
Senegal,6/4/2015,1,0,,
Sierra Leone,6/4/2015,12850,3912,,
Spain,6/4/2015,1,0,,
United Kingdom,6/4/2015,1,0,,
United States of America,6/4/2015,4,1,,
Guinea,6/5/2015,3664,2431,,
Italy,6/5/2015,1,0,,
Liberia,6/5/2015,10666,4806,,
Mali,6/5/2015,8,6,,
Nigeria,6/5/2015,20,8,,
Senegal,6/5/2015,1,0,,
Sierra Leone,6/5/2015,12859,3912,,
Spain,6/5/2015,1,0,,
United Kingdom,6/5/2015,1,0,,
United States of America,6/5/2015,4,1,,
Guinea,6/8/2015,3669,2435,,
Italy,6/8/2015,1,0,,
Liberia,6/8/2015,10666,4806,,
Mali,6/8/2015,8,6,,
Nigeria,6/8/2015,20,8,,
Senegal,6/8/2015,1,0,,
Sierra Leone,6/8/2015,12884,3913,,
Spain,6/8/2015,1,0,,
United Kingdom,6/8/2015,1,0,,
United States of America,6/8/2015,4,1,,
Guinea,6/9/2015,3670,2437,,
Italy,6/9/2015,1,0,,
Liberia,6/9/2015,10666,4806,,
Mali,6/9/2015,8,6,,
Nigeria,6/9/2015,20,8,,
Senegal,6/9/2015,1,0,,
Sierra Leone,6/9/2015,12901,3915,,
Spain,6/9/2015,1,0,,
United Kingdom,6/9/2015,1,0,,
United States of America,6/9/2015,4,1,,
Guinea,6/10/2015,3670,2437,,
Italy,6/10/2015,1,0,,
Liberia,6/10/2015,10666,4806,,
Mali,6/10/2015,8,6,,
Nigeria,6/10/2015,20,8,,
Senegal,6/10/2015,1,0,,
Sierra Leone,6/10/2015,12901,3915,,
Spain,6/10/2015,1,0,,
United Kingdom,6/10/2015,1,0,,
United States of America,6/10/2015,4,1,,
Guinea,6/11/2015,3674,2440,,
Italy,6/11/2015,1,0,,
Liberia,6/11/2015,10666,4806,,
Mali,6/11/2015,8,6,,
Nigeria,6/11/2015,20,8,,
Senegal,6/11/2015,1,0,,
Sierra Leone,6/11/2015,12911,3917,,
Spain,6/11/2015,1,0,,
United Kingdom,6/11/2015,1,0,,
United States of America,6/11/2015,4,1,,
Guinea,6/12/2015,3677,2440,,
Italy,6/12/2015,1,0,,
Liberia,6/12/2015,10666,4806,,
Mali,6/12/2015,8,6,,
Nigeria,6/12/2015,20,8,,
Senegal,6/12/2015,1,0,,
Sierra Leone,6/12/2015,12932,3917,,
Spain,6/12/2015,1,0,,
United Kingdom,6/12/2015,1,0,,
United States of America,6/12/2015,4,1,,
Guinea,6/15/2015,3677,2443,,
Italy,6/15/2015,1,0,,
Liberia,6/15/2015,10666,4806,,
Mali,6/15/2015,8,6,,
Nigeria,6/15/2015,20,8,,
Senegal,6/15/2015,1,0,,
Sierra Leone,6/15/2015,12962,3919,,
Spain,6/15/2015,1,0,,
United Kingdom,6/15/2015,1,0,,
United States of America,6/15/2015,4,1,,
Guinea,6/16/2015,3678,2444,,
Italy,6/16/2015,1,0,,
Liberia,6/16/2015,10666,4806,,
Mali,6/16/2015,8,6,,
Nigeria,6/16/2015,20,8,,
Senegal,6/16/2015,1,0,,
Sierra Leone,6/16/2015,12965,3919,,
Spain,6/16/2015,1,0,,
United Kingdom,6/16/2015,1,0,,
United States of America,6/16/2015,4,1,,
Guinea,6/17/2015,3674,2444,,
Italy,6/17/2015,1,0,,
Liberia,6/17/2015,10666,4806,,
Mali,6/17/2015,8,6,,
Nigeria,6/17/2015,20,8,,
Senegal,6/17/2015,1,0,,
Sierra Leone,6/17/2015,12965,3919,,
Spain,6/17/2015,1,0,,
United Kingdom,6/17/2015,1,0,,
United States of America,6/17/2015,4,1,,
Guinea,6/18/2015,3675,2445,,
Italy,6/18/2015,1,0,,
Liberia,6/18/2015,10666,4806,,
Mali,6/18/2015,8,6,,
Nigeria,6/18/2015,20,8,,
Senegal,6/18/2015,1,0,,
Sierra Leone,6/18/2015,12990,3922,,
Spain,6/18/2015,1,0,,
United Kingdom,6/18/2015,1,0,,
United States of America,6/18/2015,4,1,,
Guinea,6/19/2015,3674,2446,,
Italy,6/19/2015,1,0,,
Liberia,6/19/2015,10666,4806,,
Mali,6/19/2015,8,6,,
Nigeria,6/19/2015,20,8,,
Senegal,6/19/2015,1,0,,
Sierra Leone,6/19/2015,13012,3926,,
Spain,6/19/2015,1,0,,
United Kingdom,6/19/2015,1,0,,
United States of America,6/19/2015,4,1,,
Guinea,6/22/2015,3698,2456,,
Italy,6/22/2015,1,0,,
Liberia,6/22/2015,10666,4806,,
Mali,6/22/2015,8,6,,
Nigeria,6/22/2015,20,8,,
Senegal,6/22/2015,1,0,,
Sierra Leone,6/22/2015,13051,3928,,
Spain,6/22/2015,1,0,,
United Kingdom,6/22/2015,1,0,,
United States of America,6/22/2015,4,1,,
Guinea,6/23/2015,3718,2473,,
Italy,6/23/2015,1,0,,
Liberia,6/23/2015,10666,4806,,
Mali,6/23/2015,8,6,,
Nigeria,6/23/2015,20,8,,
Senegal,6/23/2015,1,0,,
Sierra Leone,6/23/2015,13059,3928,,
Spain,6/23/2015,1,0,,
United Kingdom,6/23/2015,1,0,,
United States of America,6/23/2015,4,1,,
Guinea,6/24/2015,3718,2473,,
Italy,6/24/2015,1,0,,
Liberia,6/24/2015,10666,4806,,
Mali,6/24/2015,8,6,,
Nigeria,6/24/2015,20,8,,
Senegal,6/24/2015,1,0,,
Sierra Leone,6/24/2015,13059,3928,,
Spain,6/24/2015,1,0,,
United Kingdom,6/24/2015,1,0,,
United States of America,6/24/2015,4,1,,
Guinea,6/25/2015,3718,2480,,
Italy,6/25/2015,1,0,,
Liberia,6/25/2015,10666,4806,,
Mali,6/25/2015,8,6,,
Nigeria,6/25/2015,20,8,,
Senegal,6/25/2015,1,0,,
Sierra Leone,6/25/2015,13083,3931,,
Spain,6/25/2015,1,0,,
United Kingdom,6/25/2015,1,0,,
United States of America,6/25/2015,4,1,,
Guinea,6/26/2015,3720,2480,,
Italy,6/26/2015,1,0,,
Liberia,6/26/2015,10666,4806,,
Mali,6/26/2015,8,6,,
Nigeria,6/26/2015,20,8,,
Senegal,6/26/2015,1,0,,
Sierra Leone,6/26/2015,13093,3931,,
Spain,6/26/2015,1,0,,
United Kingdom,6/26/2015,1,0,,
United States of America,6/26/2015,4,1,,
Guinea,6/29/2015,3724,2482,,
Italy,6/29/2015,1,0,,
Liberia,6/29/2015,10666,4806,,
Mali,6/29/2015,8,6,,
Nigeria,6/29/2015,20,8,,
Senegal,6/29/2015,1,0,,
Sierra Leone,6/29/2015,13115,3932,,
Spain,6/29/2015,1,0,,
United Kingdom,6/29/2015,1,0,,
United States of America,6/29/2015,4,1,,
Guinea,6/30/2015,3729,2482,,
Italy,6/30/2015,1,0,,
Liberia,6/30/2015,10666,4806,,
Mali,6/30/2015,8,6,,
Nigeria,6/30/2015,20,8,,
Senegal,6/30/2015,1,0,,
Sierra Leone,6/30/2015,13119,3932,,
Spain,6/30/2015,1,0,,
United Kingdom,6/30/2015,1,0,,
United States of America,6/30/2015,4,1,,
Guinea,7/1/2015,3729,2482,,
Italy,7/1/2015,1,0,,
Liberia,7/1/2015,10666,4806,,
Mali,7/1/2015,8,6,,
Nigeria,7/1/2015,20,8,,
Senegal,7/1/2015,1,0,,
Sierra Leone,7/1/2015,13119,3932,,
Spain,7/1/2015,1,0,,
United Kingdom,7/1/2015,1,0,,
United States of America,7/1/2015,4,1,,
Guinea,7/2/2015,3745,2490,,
Italy,7/2/2015,1,0,,
Liberia,7/2/2015,10666,4806,,
Mali,7/2/2015,8,6,,
Nigeria,7/2/2015,20,8,,
Senegal,7/2/2015,1,0,,
Sierra Leone,7/2/2015,13129,3933,,
Spain,7/2/2015,1,0,,
United Kingdom,7/2/2015,1,0,,
United States of America,7/2/2015,4,1,,
Guinea,7/3/2015,3750,2492,,
Italy,7/3/2015,1,0,,
Liberia,7/3/2015,10666,4806,,
Mali,7/3/2015,8,6,,
Nigeria,7/3/2015,20,8,,
Senegal,7/3/2015,1,0,,
Sierra Leone,7/3/2015,13135,3935,,
Spain,7/3/2015,1,0,,
United Kingdom,7/3/2015,1,0,,
United States of America,7/3/2015,4,1,,
Guinea,7/6/2015,3744,2498,,
Italy,7/6/2015,1,0,,
Liberia,7/6/2015,10666,4806,,
Mali,7/6/2015,8,6,,
Nigeria,7/6/2015,20,8,,
Senegal,7/6/2015,1,0,,
Sierra Leone,7/6/2015,13150,3940,,
Spain,7/6/2015,1,0,,
United Kingdom,7/6/2015,1,0,,
United States of America,7/6/2015,4,1,,
Guinea,7/7/2015,3748,2499,,
Italy,7/7/2015,1,0,,
Liberia,7/7/2015,10666,4806,,
Mali,7/7/2015,8,6,,
Nigeria,7/7/2015,20,8,,
Senegal,7/7/2015,1,0,,
Sierra Leone,7/7/2015,13155,3940,,
Spain,7/7/2015,1,0,,
United Kingdom,7/7/2015,1,0,,
United States of America,7/7/2015,4,1,,
Guinea,7/8/2015,3748,2499,,
Italy,7/8/2015,1,0,,
Liberia,7/8/2015,10666,4806,,
Mali,7/8/2015,8,6,,
Nigeria,7/8/2015,20,8,,
Senegal,7/8/2015,1,0,,
Sierra Leone,7/8/2015,13155,3940,,
Spain,7/8/2015,1,0,,
United Kingdom,7/8/2015,1,0,,
United States of America,7/8/2015,4,1,,
Guinea,7/9/2015,3744,2505,,
Italy,7/9/2015,1,0,,
Liberia,7/9/2015,10666,4806,,
Mali,7/9/2015,8,6,,
Nigeria,7/9/2015,20,8,,
Senegal,7/9/2015,1,0,,
Sierra Leone,7/9/2015,13169,3941,,
Spain,7/9/2015,1,0,,
United Kingdom,7/9/2015,1,0,,
United States of America,7/9/2015,4,1,,
Guinea,7/10/2015,3751,2505,,
Italy,7/10/2015,1,0,,
Liberia,7/10/2015,10666,4806,,
Mali,7/10/2015,8,6,,
Nigeria,7/10/2015,20,8,,
Senegal,7/10/2015,1,0,,
Sierra Leone,7/10/2015,13177,3941,,
Spain,7/10/2015,1,0,,
United Kingdom,7/10/2015,1,0,,
United States of America,7/10/2015,4,1,,
Guinea,7/13/2015,3754,2506,,
Italy,7/13/2015,1,0,,
Liberia,7/13/2015,10666,4806,,
Mali,7/13/2015,8,6,,
Nigeria,7/13/2015,20,8,,
Senegal,7/13/2015,1,0,,
Sierra Leone,7/13/2015,13201,3946,,
Spain,7/13/2015,1,0,,
United Kingdom,7/13/2015,1,0,,
United States of America,7/13/2015,4,1,,
Guinea,7/14/2015,3760,2506,,
Italy,7/14/2015,1,0,,
Liberia,7/14/2015,10666,4806,,
Mali,7/14/2015,8,6,,
Nigeria,7/14/2015,20,8,,
Senegal,7/14/2015,1,0,,
Sierra Leone,7/14/2015,13209,3947,,
Spain,7/14/2015,1,0,,
United Kingdom,7/14/2015,1,0,,
United States of America,7/14/2015,4,1,,
Guinea,7/15/2015,3760,2506,,
Italy,7/15/2015,1,0,,
Liberia,7/15/2015,10666,4806,,
Mali,7/15/2015,8,6,,
Nigeria,7/15/2015,20,8,,
Senegal,7/15/2015,1,0,,
Sierra Leone,7/15/2015,13209,3947,,
Spain,7/15/2015,1,0,,
United Kingdom,7/15/2015,1,0,,
United States of America,7/15/2015,4,1,,
Guinea,7/16/2015,3762,2506,,
Italy,7/16/2015,1,0,,
Liberia,7/16/2015,10666,4806,,
Mali,7/16/2015,8,6,,
Nigeria,7/16/2015,20,8,,
Senegal,7/16/2015,1,0,,
Sierra Leone,7/16/2015,13209,3947,,
Spain,7/16/2015,1,0,,
United Kingdom,7/16/2015,1,0,,
United States of America,7/16/2015,4,1,,
Guinea,7/17/2015,3770,2509,,
Italy,7/17/2015,1,0,,
Liberia,7/17/2015,10666,4806,,
Mali,7/17/2015,8,6,,
Nigeria,7/17/2015,20,8,,
Senegal,7/17/2015,1,0,,
Sierra Leone,7/17/2015,13209,3947,,
Spain,7/17/2015,1,0,,
United Kingdom,7/17/2015,1,0,,
United States of America,7/17/2015,4,1,,
Guinea,7/20/2015,3784,2511,,
Italy,7/20/2015,1,0,,
Liberia,7/20/2015,10666,4806,,
Mali,7/20/2015,8,6,,
Nigeria,7/20/2015,20,8,,
Senegal,7/20/2015,1,0,,
Sierra Leone,7/20/2015,13241,3949,,
Spain,7/20/2015,1,0,,
United Kingdom,7/20/2015,1,0,,
United States of America,7/20/2015,4,1,,
Guinea,7/21/2015,3783,2512,,
Italy,7/21/2015,1,0,,
Liberia,7/21/2015,10666,4806,,
Mali,7/21/2015,8,6,,
Nigeria,7/21/2015,20,8,,
Senegal,7/21/2015,1,0,,
Sierra Leone,7/21/2015,13250,3949,,
Spain,7/21/2015,1,0,,
United Kingdom,7/21/2015,1,0,,
United States of America,7/21/2015,4,1,,
Guinea,7/22/2015,3783,2512,,
Italy,7/22/2015,1,0,,
Liberia,7/22/2015,10666,4806,,
Mali,7/22/2015,8,6,,
Nigeria,7/22/2015,20,8,,
Senegal,7/22/2015,1,0,,
Sierra Leone,7/22/2015,13250,3949,,
Spain,7/22/2015,1,0,,
United Kingdom,7/22/2015,1,0,,
United States of America,7/22/2015,4,1,,
Guinea,7/23/2015,3788,2516,,
Italy,7/23/2015,1,0,,
Liberia,7/23/2015,10666,4806,,
Mali,7/23/2015,8,6,,
Nigeria,7/23/2015,20,8,,
Senegal,7/23/2015,1,0,,
Sierra Leone,7/23/2015,13262,3949,,
Spain,7/23/2015,1,0,,
United Kingdom,7/23/2015,1,0,,
United States of America,7/23/2015,4,1,,
Guinea,7/24/2015,3787,2517,,
Italy,7/24/2015,1,0,,
Liberia,7/24/2015,10666,4806,,
Mali,7/24/2015,8,6,,
Nigeria,7/24/2015,20,8,,
Senegal,7/24/2015,1,0,,
Sierra Leone,7/24/2015,13264,3949,,
Spain,7/24/2015,1,0,,
United Kingdom,7/24/2015,1,0,,
United States of America,7/24/2015,4,1,,
Guinea,7/27/2015,3792,2519,,
Italy,7/27/2015,1,0,,
Liberia,7/27/2015,10666,4806,,
Mali,7/27/2015,8,6,,
Nigeria,7/27/2015,20,8,,
Senegal,7/27/2015,1,0,,
Sierra Leone,7/27/2015,13283,3951,,
Spain,7/27/2015,1,0,,
United Kingdom,7/27/2015,1,0,,
United States of America,7/27/2015,4,1,,
Guinea,7/28/2015,3786,2520,,
Italy,7/28/2015,1,0,,
Liberia,7/28/2015,10666,4806,,
Mali,7/28/2015,8,6,,
Nigeria,7/28/2015,20,8,,
Senegal,7/28/2015,1,0,,
Sierra Leone,7/28/2015,13290,3951,,
Spain,7/28/2015,1,0,,
United Kingdom,7/28/2015,1,0,,
United States of America,7/28/2015,4,1,,
Guinea,7/29/2015,3786,2520,,
Italy,7/29/2015,1,0,,
Liberia,7/29/2015,10666,4806,,
Mali,7/29/2015,8,6,,
Nigeria,7/29/2015,20,8,,
Senegal,7/29/2015,1,0,,
Sierra Leone,7/29/2015,13290,3951,,
Spain,7/29/2015,1,0,,
United Kingdom,7/29/2015,1,0,,
United States of America,7/29/2015,4,1,,
Guinea,7/30/2015,3785,2521,,
Italy,7/30/2015,1,0,,
Liberia,7/30/2015,10666,4806,,
Mali,7/30/2015,8,6,,
Nigeria,7/30/2015,20,8,,
Senegal,7/30/2015,1,0,,
Sierra Leone,7/30/2015,13379,3951,,
Spain,7/30/2015,1,0,,
United Kingdom,7/30/2015,1,0,,
United States of America,7/30/2015,4,1,,
Guinea,7/31/2015,3781,2521,,
Italy,7/31/2015,1,0,,
Liberia,7/31/2015,10666,4806,,
Mali,7/31/2015,8,6,,
Nigeria,7/31/2015,20,8,,
Senegal,7/31/2015,1,0,,
Sierra Leone,7/31/2015,13387,3951,,
Spain,7/31/2015,1,0,,
United Kingdom,7/31/2015,1,0,,
United States of America,7/31/2015,4,1,,
Guinea,8/3/2015,3786,2522,,
Italy,8/3/2015,1,0,,
Liberia,8/3/2015,10666,4806,,
Mali,8/3/2015,8,6,,
Nigeria,8/3/2015,20,8,,
Senegal,8/3/2015,1,0,,
Sierra Leone,8/3/2015,13402,3951,,
Spain,8/3/2015,1,0,,
United Kingdom,8/3/2015,1,0,,
United States of America,8/3/2015,4,1,,
Guinea,8/4/2015,3784,2522,,
Italy,8/4/2015,1,0,,
Liberia,8/4/2015,10666,4806,,
Mali,8/4/2015,8,6,,
Nigeria,8/4/2015,20,8,,
Senegal,8/4/2015,1,0,,
Sierra Leone,8/4/2015,13406,3951,,
Spain,8/4/2015,1,0,,
United Kingdom,8/4/2015,1,0,,
United States of America,8/4/2015,4,1,,
Guinea,8/5/2015,3784,2522,,
Italy,8/5/2015,1,0,,
Liberia,8/5/2015,10666,4806,,
Mali,8/5/2015,8,6,,
Nigeria,8/5/2015,20,8,,
Senegal,8/5/2015,1,0,,
Sierra Leone,8/5/2015,13406,3951,,
Spain,8/5/2015,1,0,,
United Kingdom,8/5/2015,1,0,,
United States of America,8/5/2015,4,1,,
Guinea,8/6/2015,3792,2524,,
Italy,8/6/2015,1,0,,
Liberia,8/6/2015,10666,4806,,
Mali,8/6/2015,8,6,,
Nigeria,8/6/2015,20,8,,
Senegal,8/6/2015,1,0,,
Sierra Leone,8/6/2015,13426,3951,,
Spain,8/6/2015,1,0,,
United Kingdom,8/6/2015,1,0,,
United States of America,8/6/2015,4,1,,
Guinea,8/7/2015,3795,2524,,
Italy,8/7/2015,1,0,,
Liberia,8/7/2015,10666,4806,,
Mali,8/7/2015,8,6,,
Nigeria,8/7/2015,20,8,,
Senegal,8/7/2015,1,0,,
Sierra Leone,8/7/2015,13428,3951,,
Spain,8/7/2015,1,0,,
United Kingdom,8/7/2015,1,0,,
United States of America,8/7/2015,4,1,,
Guinea,8/10/2015,3791,2524,,
Italy,8/10/2015,1,0,,
Liberia,8/10/2015,10666,4806,,
Mali,8/10/2015,8,6,,
Nigeria,8/10/2015,20,8,,
Senegal,8/10/2015,1,0,,
Sierra Leone,8/10/2015,13465,3951,,
Spain,8/10/2015,1,0,,
United Kingdom,8/10/2015,1,0,,
United States of America,8/10/2015,4,1,,
Guinea,8/11/2015,3787,2524,,
Italy,8/11/2015,1,0,,
Liberia,8/11/2015,10666,4806,,
Mali,8/11/2015,8,6,,
Nigeria,8/11/2015,20,8,,
Senegal,8/11/2015,1,0,,
Sierra Leone,8/11/2015,13470,3951,,
Spain,8/11/2015,1,0,,
United Kingdom,8/11/2015,1,0,,
United States of America,8/11/2015,4,1,,
Guinea,8/12/2015,3787,2524,,
Italy,8/12/2015,1,0,,
Liberia,8/12/2015,10666,4806,,
Mali,8/12/2015,8,6,,
Nigeria,8/12/2015,20,8,,
Senegal,8/12/2015,1,0,,
Sierra Leone,8/12/2015,13470,3951,,
Spain,8/12/2015,1,0,,
United Kingdom,8/12/2015,1,0,,
United States of America,8/12/2015,4,1,,
Guinea,8/13/2015,3792,2524,,
Italy,8/13/2015,1,0,,
Liberia,8/13/2015,10666,4806,,
Mali,8/13/2015,8,6,,
Nigeria,8/13/2015,20,8,,
Senegal,8/13/2015,1,0,,
Sierra Leone,8/13/2015,13484,3951,,
Spain,8/13/2015,1,0,,
United Kingdom,8/13/2015,1,0,,
United States of America,8/13/2015,4,1,,
Guinea,8/14/2015,3791,2524,,
Italy,8/14/2015,1,0,,
Liberia,8/14/2015,10666,4806,,
Mali,8/14/2015,8,6,,
Nigeria,8/14/2015,20,8,,
Senegal,8/14/2015,1,0,,
Sierra Leone,8/14/2015,13485,3952,,
Spain,8/14/2015,1,0,,
United Kingdom,8/14/2015,1,0,,
United States of America,8/14/2015,4,1,,
Guinea,8/17/2015,3790,2524,,
Italy,8/17/2015,1,0,,
Liberia,8/17/2015,10666,4806,,
Mali,8/17/2015,8,6,,
Nigeria,8/17/2015,20,8,,
Senegal,8/17/2015,1,0,,
Sierra Leone,8/17/2015,13489,3952,,
Spain,8/17/2015,1,0,,
United Kingdom,8/17/2015,1,0,,
United States of America,8/17/2015,4,1,,
Guinea,8/18/2015,3786,2524,,
Italy,8/18/2015,1,0,,
Liberia,8/18/2015,10666,4806,,
Mali,8/18/2015,8,6,,
Nigeria,8/18/2015,20,8,,
Senegal,8/18/2015,1,0,,
Sierra Leone,8/18/2015,13494,3952,,
Spain,8/18/2015,1,0,,
United Kingdom,8/18/2015,1,0,,
United States of America,8/18/2015,4,1,,
Guinea,8/19/2015,3786,2524,,
Italy,8/19/2015,1,0,,
Liberia,8/19/2015,10666,4806,,
Mali,8/19/2015,8,6,,
Nigeria,8/19/2015,20,8,,
Senegal,8/19/2015,1,0,,
Sierra Leone,8/19/2015,13494,3952,,
Spain,8/19/2015,1,0,,
United Kingdom,8/19/2015,1,0,,
United States of America,8/19/2015,4,1,,
Guinea,8/20/2015,3792,2526,,
Italy,8/20/2015,1,0,,
Liberia,8/20/2015,10666,4806,,
Mali,8/20/2015,8,6,,
Nigeria,8/20/2015,20,8,,
Senegal,8/20/2015,1,0,,
Sierra Leone,8/20/2015,13518,3952,,
Spain,8/20/2015,1,0,,
United Kingdom,8/20/2015,1,0,,
United States of America,8/20/2015,4,1,,
Guinea,8/21/2015,3795,2526,,
Italy,8/21/2015,1,0,,
Liberia,8/21/2015,10666,4806,,
Mali,8/21/2015,8,6,,
Nigeria,8/21/2015,20,8,,
Senegal,8/21/2015,1,0,,
Sierra Leone,8/21/2015,13533,3952,,
Spain,8/21/2015,1,0,,
United Kingdom,8/21/2015,1,0,,
United States of America,8/21/2015,4,1,,
Guinea,8/24/2015,3790,2527,,
Italy,8/24/2015,1,0,,
Liberia,8/24/2015,10666,4806,,
Mali,8/24/2015,8,6,,
Nigeria,8/24/2015,20,8,,
Senegal,8/24/2015,1,0,,
Sierra Leone,8/24/2015,13538,3952,,
Spain,8/24/2015,1,0,,
United Kingdom,8/24/2015,1,0,,
United States of America,8/24/2015,4,1,,
Guinea,8/25/2015,3792,2527,,
Italy,8/25/2015,1,0,,
Liberia,8/25/2015,10666,4806,,
Mali,8/25/2015,8,6,,
Nigeria,8/25/2015,20,8,,
Senegal,8/25/2015,1,0,,
Sierra Leone,8/25/2015,13541,3952,,
Spain,8/25/2015,1,0,,
United Kingdom,8/25/2015,1,0,,
United States of America,8/25/2015,4,1,,
Guinea,8/26/2015,3792,2527,,
Italy,8/26/2015,1,0,,
Liberia,8/26/2015,10666,4806,,
Mali,8/26/2015,8,6,,
Nigeria,8/26/2015,20,8,,
Senegal,8/26/2015,1,0,,
Sierra Leone,8/26/2015,13541,3952,,
Spain,8/26/2015,1,0,,
United Kingdom,8/26/2015,1,0,,
United States of America,8/26/2015,4,1,,
Guinea,8/27/2015,3797,2528,,
Italy,8/27/2015,1,0,,
Liberia,8/27/2015,10666,4806,,
Mali,8/27/2015,8,6,,
Nigeria,8/27/2015,20,8,,
Senegal,8/27/2015,1,0,,
Sierra Leone,8/27/2015,13582,3952,,
Spain,8/27/2015,1,0,,
United Kingdom,8/27/2015,1,0,,
United States of America,8/27/2015,4,1,,
Guinea,8/28/2015,3797,2528,,
Italy,8/28/2015,1,0,,
Liberia,8/28/2015,10666,4806,,
Mali,8/28/2015,8,6,,
Nigeria,8/28/2015,20,8,,
Senegal,8/28/2015,1,0,,
Sierra Leone,8/28/2015,13586,3952,,
Spain,8/28/2015,1,0,,
United Kingdom,8/28/2015,1,0,,
United States of America,8/28/2015,4,1,,
Guinea,8/31/2015,3790,2528,,
Italy,8/31/2015,1,0,,
Liberia,8/31/2015,10666,4806,,
Mali,8/31/2015,8,6,,
Nigeria,8/31/2015,20,8,,
Senegal,8/31/2015,1,0,,
Sierra Leone,8/31/2015,13603,3953,,
Spain,8/31/2015,1,0,,
United Kingdom,8/31/2015,1,0,,
United States of America,8/31/2015,4,1,,
Guinea,9/1/2015,3792,2529,,
Italy,9/1/2015,1,0,,
Liberia,9/1/2015,10666,4806,,
Mali,9/1/2015,8,6,,
Nigeria,9/1/2015,20,8,,
Senegal,9/1/2015,1,0,,
Sierra Leone,9/1/2015,13609,3953,,
Spain,9/1/2015,1,0,,
United Kingdom,9/1/2015,1,0,,
United States of America,9/1/2015,4,1,,
Guinea,9/2/2015,3792,2529,,
Italy,9/2/2015,1,0,,
Liberia,9/2/2015,10666,4806,,
Mali,9/2/2015,8,6,,
Nigeria,9/2/2015,20,8,,
Senegal,9/2/2015,1,0,,
Sierra Leone,9/2/2015,13609,3953,,
Spain,9/2/2015,1,0,,
United Kingdom,9/2/2015,1,0,,
United States of America,9/2/2015,4,1,,
Guinea,9/3/2015,3792,2529,,
Italy,9/3/2015,1,0,,
Liberia,9/3/2015,10666,4806,,
Mali,9/3/2015,8,6,,
Nigeria,9/3/2015,20,8,,
Senegal,9/3/2015,1,0,,
Sierra Leone,9/3/2015,13638,3953,,
Spain,9/3/2015,1,0,,
United Kingdom,9/3/2015,1,0,,
United States of America,9/3/2015,4,1,,
Guinea,9/4/2015,3792,2529,,
Italy,9/4/2015,1,0,,
Liberia,9/4/2015,10666,4806,,
Mali,9/4/2015,8,6,,
Nigeria,9/4/2015,20,8,,
Senegal,9/4/2015,1,0,,
Sierra Leone,9/4/2015,13639,3953,,
Spain,9/4/2015,1,0,,
United Kingdom,9/4/2015,1,0,,
United States of America,9/4/2015,4,1,,
Guinea,9/7/2015,3793,2530,,
Italy,9/7/2015,1,0,,
Liberia,9/7/2015,10666,4806,,
Mali,9/7/2015,8,6,,
Nigeria,9/7/2015,20,8,,
Senegal,9/7/2015,1,0,,
Sierra Leone,9/7/2015,13670,3953,,
Spain,9/7/2015,1,0,,
United Kingdom,9/7/2015,1,0,,
United States of America,9/7/2015,4,1,,
Guinea,9/8/2015,3792,2530,,
Italy,9/8/2015,1,0,,
Liberia,9/8/2015,10666,4806,,
Mali,9/8/2015,8,6,,
Nigeria,9/8/2015,20,8,,
Senegal,9/8/2015,1,0,,
Sierra Leone,9/8/2015,13683,3953,,
Spain,9/8/2015,1,0,,
United Kingdom,9/8/2015,1,0,,
United States of America,9/8/2015,4,1,,
Guinea,9/9/2015,3792,2530,,
Italy,9/9/2015,1,0,,
Liberia,9/9/2015,10666,4806,,
Mali,9/9/2015,8,6,,
Nigeria,9/9/2015,20,8,,
Senegal,9/9/2015,1,0,,
Sierra Leone,9/9/2015,13683,3953,,
Spain,9/9/2015,1,0,,
United Kingdom,9/9/2015,1,0,,
United States of America,9/9/2015,4,1,,
Guinea,9/10/2015,3791,2530,,
Italy,9/10/2015,1,0,,
Liberia,9/10/2015,10666,4806,,
Mali,9/10/2015,8,6,,
Nigeria,9/10/2015,20,8,,
Senegal,9/10/2015,1,0,,
Sierra Leone,9/10/2015,13697,3953,,
Spain,9/10/2015,1,0,,
United Kingdom,9/10/2015,1,0,,
United States of America,9/10/2015,4,1,,
Guinea,9/11/2015,3791,2530,,
Italy,9/11/2015,1,0,,
Liberia,9/11/2015,10666,4806,,
Mali,9/11/2015,8,6,,
Nigeria,9/11/2015,20,8,,
Senegal,9/11/2015,1,0,,
Sierra Leone,9/11/2015,13701,3953,,
Spain,9/11/2015,1,0,,
United Kingdom,9/11/2015,1,0,,
United States of America,9/11/2015,4,1,,
Guinea,9/14/2015,3793,2530,,
Italy,9/14/2015,1,0,,
Liberia,9/14/2015,10666,4806,,
Mali,9/14/2015,8,6,,
Nigeria,9/14/2015,20,8,,
Senegal,9/14/2015,1,0,,
Sierra Leone,9/14/2015,13747,3953,,
Spain,9/14/2015,1,0,,
United Kingdom,9/14/2015,1,0,,
United States of America,9/14/2015,4,1,,
Guinea,9/15/2015,3792,2530,,
Italy,9/15/2015,1,0,,
Liberia,9/15/2015,10666,4806,,
Mali,9/15/2015,8,6,,
Nigeria,9/15/2015,20,8,,
Senegal,9/15/2015,1,0,,
Sierra Leone,9/15/2015,13756,3953,,
Spain,9/15/2015,1,0,,
United Kingdom,9/15/2015,1,0,,
United States of America,9/15/2015,4,1,,
Guinea,9/16/2015,3792,2530,,
Italy,9/16/2015,1,0,,
Liberia,9/16/2015,10666,4806,,
Mali,9/16/2015,8,6,,
Nigeria,9/16/2015,20,8,,
Senegal,9/16/2015,1,0,,
Sierra Leone,9/16/2015,13756,3953,,
Spain,9/16/2015,1,0,,
United Kingdom,9/16/2015,1,0,,
United States of America,9/16/2015,4,1,,
Guinea,9/17/2015,3794,2530,,
Italy,9/17/2015,1,0,,
Liberia,9/17/2015,10666,4806,,
Mali,9/17/2015,8,6,,
Nigeria,9/17/2015,20,8,,
Senegal,9/17/2015,1,0,,
Sierra Leone,9/17/2015,13779,3955,,
Spain,9/17/2015,1,0,,
United Kingdom,9/17/2015,1,0,,
United States of America,9/17/2015,4,1,,
Guinea,9/18/2015,3794,2531,,
Italy,9/18/2015,1,0,,
Liberia,9/18/2015,10666,4806,,
Mali,9/18/2015,8,6,,
Nigeria,9/18/2015,20,8,,
Senegal,9/18/2015,1,0,,
Sierra Leone,9/18/2015,13785,3955,,
Spain,9/18/2015,1,0,,
United Kingdom,9/18/2015,1,0,,
United States of America,9/18/2015,4,1,,
Guinea,9/21/2015,3797,2532,,
Italy,9/21/2015,1,0,,
Liberia,9/21/2015,10666,4806,,
Mali,9/21/2015,8,6,,
Nigeria,9/21/2015,20,8,,
Senegal,9/21/2015,1,0,,
Sierra Leone,9/21/2015,13811,3955,,
Spain,9/21/2015,1,0,,
United Kingdom,9/21/2015,1,0,,
United States of America,9/21/2015,4,1,,
Guinea,9/22/2015,3800,2532,,
Italy,9/22/2015,1,0,,
Liberia,9/22/2015,10666,4806,,
Mali,9/22/2015,8,6,,
Nigeria,9/22/2015,20,8,,
Senegal,9/22/2015,1,0,,
Sierra Leone,9/22/2015,13823,3955,,
Spain,9/22/2015,1,0,,
United Kingdom,9/22/2015,1,0,,
United States of America,9/22/2015,4,1,,
Guinea,9/23/2015,3800,2532,,
Italy,9/23/2015,1,0,,
Liberia,9/23/2015,10666,4806,,
Mali,9/23/2015,8,6,,
Nigeria,9/23/2015,20,8,,
Senegal,9/23/2015,1,0,,
Sierra Leone,9/23/2015,13823,3955,,
Spain,9/23/2015,1,0,,
United Kingdom,9/23/2015,1,0,,
United States of America,9/23/2015,4,1,,
Guinea,9/24/2015,3801,2533,,
Italy,9/24/2015,1,0,,
Liberia,9/24/2015,10666,4806,,
Mali,9/24/2015,8,6,,
Nigeria,9/24/2015,20,8,,
Senegal,9/24/2015,1,0,,
Sierra Leone,9/24/2015,13846,3955,,
Spain,9/24/2015,1,0,,
United Kingdom,9/24/2015,1,0,,
United States of America,9/24/2015,4,1,,
Guinea,9/25/2015,3797,2533,,
Italy,9/25/2015,1,0,,
Liberia,9/25/2015,10666,4806,,
Mali,9/25/2015,8,6,,
Nigeria,9/25/2015,20,8,,
Senegal,9/25/2015,1,0,,
Sierra Leone,9/25/2015,13855,3955,,
Spain,9/25/2015,1,0,,
United Kingdom,9/25/2015,1,0,,
United States of America,9/25/2015,4,1,,
Guinea,9/28/2015,3805,2533,,
Italy,9/28/2015,1,0,,
Liberia,9/28/2015,10666,4806,,
Mali,9/28/2015,8,6,,
Nigeria,9/28/2015,20,8,,
Senegal,9/28/2015,1,0,,
Sierra Leone,9/28/2015,13894,3955,,
Spain,9/28/2015,1,0,,
United Kingdom,9/28/2015,1,0,,
United States of America,9/28/2015,4,1,,
Guinea,9/29/2015,3805,2533,,
Italy,9/29/2015,1,0,,
Liberia,9/29/2015,10666,4806,,
Mali,9/29/2015,8,6,,
Nigeria,9/29/2015,20,8,,
Senegal,9/29/2015,1,0,,
Sierra Leone,9/29/2015,13911,3955,,
Spain,9/29/2015,1,0,,
United Kingdom,9/29/2015,1,0,,
United States of America,9/29/2015,4,1,,
Guinea,9/30/2015,3805,2533,,
Italy,9/30/2015,1,0,,
Liberia,9/30/2015,10666,4806,,
Mali,9/30/2015,8,6,,
Nigeria,9/30/2015,20,8,,
Senegal,9/30/2015,1,0,,
Sierra Leone,9/30/2015,13911,3955,,
Spain,9/30/2015,1,0,,
United Kingdom,9/30/2015,1,0,,
United States of America,9/30/2015,4,1,,
Guinea,10/1/2015,3808,2533,,
Italy,10/1/2015,1,0,,
Liberia,10/1/2015,10666,4806,,
Mali,10/1/2015,8,6,,
Nigeria,10/1/2015,20,8,,
Senegal,10/1/2015,1,0,,
Sierra Leone,10/1/2015,13928,3955,,
Spain,10/1/2015,1,0,,
United Kingdom,10/1/2015,1,0,,
United States of America,10/1/2015,4,1,,
Guinea,10/2/2015,3809,2533,,
Italy,10/2/2015,1,0,,
Liberia,10/2/2015,10666,4806,,
Mali,10/2/2015,8,6,,
Nigeria,10/2/2015,20,8,,
Senegal,10/2/2015,1,0,,
Sierra Leone,10/2/2015,13931,3955,,
Spain,10/2/2015,1,0,,
United Kingdom,10/2/2015,1,0,,
United States of America,10/2/2015,4,1,,
Guinea,10/5/2015,3804,2534,,
Italy,10/5/2015,1,0,,
Liberia,10/5/2015,10666,4806,,
Mali,10/5/2015,8,6,,
Nigeria,10/5/2015,20,8,,
Senegal,10/5/2015,1,0,,
Sierra Leone,10/5/2015,13941,3955,,
Spain,10/5/2015,1,0,,
United Kingdom,10/5/2015,1,0,,
United States of America,10/5/2015,4,1,,
Guinea,10/6/2015,3804,2534,,
Italy,10/6/2015,1,0,,
Liberia,10/6/2015,10666,4806,,
Mali,10/6/2015,8,6,,
Nigeria,10/6/2015,20,8,,
Senegal,10/6/2015,1,0,,
Sierra Leone,10/6/2015,13945,3955,,
Spain,10/6/2015,1,0,,
United Kingdom,10/6/2015,1,0,,
United States of America,10/6/2015,4,1,,
Guinea,10/7/2015,3804,2534,,
Italy,10/7/2015,1,0,,
Liberia,10/7/2015,10666,4806,,
Mali,10/7/2015,8,6,,
Nigeria,10/7/2015,20,8,,
Senegal,10/7/2015,1,0,,
Sierra Leone,10/7/2015,13945,3955,,
Spain,10/7/2015,1,0,,
United Kingdom,10/7/2015,1,0,,
United States of America,10/7/2015,4,1,,
Guinea,10/8/2015,3799,2534,,
Italy,10/8/2015,1,0,,
Liberia,10/8/2015,10666,4806,,
Mali,10/8/2015,8,6,,
Nigeria,10/8/2015,20,8,,
Senegal,10/8/2015,1,0,,
Sierra Leone,10/8/2015,13956,3955,,
Spain,10/8/2015,1,0,,
United Kingdom,10/8/2015,1,0,,
United States of America,10/8/2015,4,1,,
Guinea,10/9/2015,3800,2534,,
Italy,10/9/2015,1,0,,
Liberia,10/9/2015,10666,4806,,
Mali,10/9/2015,8,6,,
Nigeria,10/9/2015,20,8,,
Senegal,10/9/2015,1,0,,
Sierra Leone,10/9/2015,13957,3955,,
Spain,10/9/2015,1,0,,
United Kingdom,10/9/2015,1,0,,
United States of America,10/9/2015,4,1,,
Guinea,10/13/2015,3800,2534,,
Italy,10/13/2015,1,0,,
Liberia,10/13/2015,10666,4806,,
Mali,10/13/2015,8,6,,
Nigeria,10/13/2015,20,8,,
Senegal,10/13/2015,1,0,,
Sierra Leone,10/13/2015,13982,3955,,
Spain,10/13/2015,1,0,,
United Kingdom,10/13/2015,1,0,,
United States of America,10/13/2015,4,1,,
Guinea,10/15/2015,3802,2534,,
Italy,10/15/2015,1,0,,
Liberia,10/15/2015,10666,4806,,
Mali,10/15/2015,8,6,,
Nigeria,10/15/2015,20,8,,
Senegal,10/15/2015,1,0,,
Sierra Leone,10/15/2015,13992,3955,,
Spain,10/15/2015,1,0,,
United Kingdom,10/15/2015,1,0,,
United States of America,10/15/2015,4,1,,
Guinea,10/16/2015,3804,2535,,
Italy,10/16/2015,1,0,,
Liberia,10/16/2015,10666,4806,,
Mali,10/16/2015,8,6,,
Nigeria,10/16/2015,20,8,,
Senegal,10/16/2015,1,0,,
Sierra Leone,10/16/2015,13992,3955,,
Spain,10/16/2015,1,0,,
United Kingdom,10/16/2015,1,0,,
United States of America,10/16/2015,4,1,,
Guinea,10/20/2015,3803,2535,,
Italy,10/20/2015,1,0,,
Liberia,10/20/2015,10666,4806,,
Mali,10/20/2015,8,6,,
Nigeria,10/20/2015,20,8,,
Senegal,10/20/2015,1,0,,
Sierra Leone,10/20/2015,14001,3955,,
Spain,10/20/2015,1,0,,
United Kingdom,10/20/2015,1,0,,
United States of America,10/20/2015,4,1,,
Guinea,10/22/2015,3801,2535,,
Italy,10/22/2015,1,0,,
Liberia,10/22/2015,10666,4806,,
Mali,10/22/2015,8,6,,
Nigeria,10/22/2015,20,8,,
Senegal,10/22/2015,1,0,,
Sierra Leone,10/22/2015,14031,3955,,
Spain,10/22/2015,1,0,,
United Kingdom,10/22/2015,1,0,,
United States of America,10/22/2015,4,1,,
Guinea,10/23/2015,3801,2535,,
Italy,10/23/2015,1,0,,
Liberia,10/23/2015,10666,4806,,
Mali,10/23/2015,8,6,,
Nigeria,10/23/2015,20,8,,
Senegal,10/23/2015,1,0,,
Sierra Leone,10/23/2015,14038,3955,,
Spain,10/23/2015,1,0,,
United Kingdom,10/23/2015,1,0,,
United States of America,10/23/2015,4,1,,
Guinea,10/26/2015,3804,2535,,
Italy,10/26/2015,1,0,,
Liberia,10/26/2015,10666,4806,,
Mali,10/26/2015,8,6,,
Nigeria,10/26/2015,20,8,,
Senegal,10/26/2015,1,0,,
Sierra Leone,10/26/2015,14052,3955,,
Spain,10/26/2015,1,0,,
United Kingdom,10/26/2015,1,0,,
United States of America,10/26/2015,4,1,,
Guinea,10/27/2015,3806,2535,,
Italy,10/27/2015,1,0,,
Liberia,10/27/2015,10666,4806,,
Mali,10/27/2015,8,6,,
Nigeria,10/27/2015,20,8,,
Senegal,10/27/2015,1,0,,
Sierra Leone,10/27/2015,14061,3955,,
Spain,10/27/2015,1,0,,
United Kingdom,10/27/2015,1,0,,
United States of America,10/27/2015,4,1,,
Guinea,10/29/2015,3808,2536,,
Italy,10/29/2015,1,0,,
Liberia,10/29/2015,10666,4806,,
Mali,10/29/2015,8,6,,
Nigeria,10/29/2015,20,8,,
Senegal,10/29/2015,1,0,,
Sierra Leone,10/29/2015,14066,3955,,
Spain,10/29/2015,1,0,,
United Kingdom,10/29/2015,1,0,,
United States of America,10/29/2015,4,1,,
Guinea,10/30/2015,3808,2536,,
Italy,10/30/2015,1,0,,
Liberia,10/30/2015,10666,4806,,
Mali,10/30/2015,8,6,,
Nigeria,10/30/2015,20,8,,
Senegal,10/30/2015,1,0,,
Sierra Leone,10/30/2015,14067,3955,,
Spain,10/30/2015,1,0,,
United Kingdom,10/30/2015,1,0,,
United States of America,10/30/2015,4,1,,
Guinea,11/3/2015,3810,2536,,
Italy,11/3/2015,1,0,,
Liberia,11/3/2015,10666,4806,,
Mali,11/3/2015,8,6,,
Nigeria,11/3/2015,20,8,,
Senegal,11/3/2015,1,0,,
Sierra Leone,11/3/2015,14089,3955,,
Spain,11/3/2015,1,0,,
United Kingdom,11/3/2015,1,0,,
United States of America,11/3/2015,4,1,,
Guinea,11/5/2015,3805,2536,,
Italy,11/5/2015,1,0,,
Liberia,11/5/2015,10666,4806,,
Mali,11/5/2015,8,6,,
Nigeria,11/5/2015,20,8,,
Senegal,11/5/2015,1,0,,
Sierra Leone,11/5/2015,14104,3955,,
Spain,11/5/2015,1,0,,
United Kingdom,11/5/2015,1,0,,
United States of America,11/5/2015,4,1,,
Guinea,11/6/2015,3805,2536,,
Italy,11/6/2015,1,0,,
Liberia,11/6/2015,10666,4806,,
Mali,11/6/2015,8,6,,
Nigeria,11/6/2015,20,8,,
Senegal,11/6/2015,1,0,,
Sierra Leone,11/6/2015,14109,3955,,
Spain,11/6/2015,1,0,,
United Kingdom,11/6/2015,1,0,,
United States of America,11/6/2015,4,1,,
Guinea,11/10/2015,3805,2536,,
Italy,11/10/2015,1,0,,
Liberia,11/10/2015,10666,4806,,
Mali,11/10/2015,8,6,,
Nigeria,11/10/2015,20,8,,
Senegal,11/10/2015,1,0,,
Sierra Leone,11/10/2015,14122,3955,,
Spain,11/10/2015,1,0,,
United Kingdom,11/10/2015,1,0,,
United States of America,11/10/2015,4,1,,
Guinea,11/11/2015,3805,2536,,
Italy,11/11/2015,1,0,,
Liberia,11/11/2015,10666,4806,,
Mali,11/11/2015,8,6,,
Nigeria,11/11/2015,20,8,,
Senegal,11/11/2015,1,0,,
Sierra Leone,11/11/2015,14122,3955,,
Spain,11/11/2015,1,0,,
United Kingdom,11/11/2015,1,0,,
United States of America,11/11/2015,4,1,,
Guinea,11/12/2015,3805,2536,,
Italy,11/12/2015,1,0,,
Liberia,11/12/2015,10666,4806,,
Mali,11/12/2015,8,6,,
Nigeria,11/12/2015,20,8,,
Senegal,11/12/2015,1,0,,
Sierra Leone,11/12/2015,14122,3955,,
Spain,11/12/2015,1,0,,
United Kingdom,11/12/2015,1,0,,
United States of America,11/12/2015,4,1,,
Guinea,11/16/2015,3805,2536,,
Italy,11/16/2015,1,0,,
Liberia,11/16/2015,10666,4806,,
Mali,11/16/2015,8,6,,
Nigeria,11/16/2015,20,8,,
Senegal,11/16/2015,1,0,,
Sierra Leone,11/16/2015,14122,3955,,
Spain,11/16/2015,1,0,,
United Kingdom,11/16/2015,1,0,,
United States of America,11/16/2015,4,1,,
Guinea,11/17/2015,3804,2536,,
Italy,11/17/2015,1,0,,
Liberia,11/17/2015,10666,4806,,
Mali,11/17/2015,8,6,,
Nigeria,11/17/2015,20,8,,
Senegal,11/17/2015,1,0,,
Sierra Leone,11/17/2015,14122,3955,,
Spain,11/17/2015,1,0,,
United Kingdom,11/17/2015,1,0,,
United States of America,11/17/2015,4,1,,
Guinea,11/20/2015,3804,2536,,
Italy,11/20/2015,1,0,,
Liberia,11/20/2015,10666,4806,,
Mali,11/20/2015,8,6,,
Nigeria,11/20/2015,20,8,,
Senegal,11/20/2015,1,0,,
Sierra Leone,11/20/2015,14122,3955,,
Spain,11/20/2015,1,0,,
United Kingdom,11/20/2015,1,0,,
United States of America,11/20/2015,4,1,,
Guinea,11/24/2015,3804,2536,,
Italy,11/24/2015,1,0,,
Liberia,11/24/2015,10666,4806,,
Mali,11/24/2015,8,6,,
Nigeria,11/24/2015,20,8,,
Senegal,11/24/2015,1,0,,
Sierra Leone,11/24/2015,14122,3955,,
Spain,11/24/2015,1,0,,
United Kingdom,11/24/2015,1,0,,
United States of America,11/24/2015,4,1,,
Guinea,11/26/2015,3804,2536,,
Italy,11/26/2015,1,0,,
Liberia,11/26/2015,10666,4806,,
Mali,11/26/2015,8,6,,
Nigeria,11/26/2015,20,8,,
Senegal,11/26/2015,1,0,,
Sierra Leone,11/26/2015,14122,3955,,
Spain,11/26/2015,1,0,,
United Kingdom,11/26/2015,1,0,,
United States of America,11/26/2015,4,1,,
Guinea,12/1/2015,3804,2536,,
Italy,12/1/2015,1,0,,
Liberia,12/1/2015,10666,4806,,
Mali,12/1/2015,8,6,,
Nigeria,12/1/2015,20,8,,
Senegal,12/1/2015,1,0,,
Sierra Leone,12/1/2015,14122,3955,,
Spain,12/1/2015,1,0,,
United Kingdom,12/1/2015,1,0,,
United States of America,12/1/2015,4,1,,
Guinea,12/2/2015,3804,2536,,
Italy,12/2/2015,1,0,,
Liberia,12/2/2015,10666,4806,,
Mali,12/2/2015,8,6,,
Nigeria,12/2/2015,20,8,,
Senegal,12/2/2015,1,0,,
Sierra Leone,12/2/2015,14122,3955,,
Spain,12/2/2015,1,0,,
United Kingdom,12/2/2015,1,0,,
United States of America,12/2/2015,4,1,,
Guinea,12/3/2015,3805,2536,,
Italy,12/3/2015,1,0,,
Liberia,12/3/2015,10666,4806,,
Mali,12/3/2015,8,6,,
Nigeria,12/3/2015,20,8,,
Senegal,12/3/2015,1,0,,
Sierra Leone,12/3/2015,14122,3955,,
Spain,12/3/2015,1,0,,
United Kingdom,12/3/2015,1,0,,
United States of America,12/3/2015,4,1,,
Guinea,12/9/2015,3804,2536,,
Italy,12/9/2015,1,0,,
Liberia,12/9/2015,10666,4806,,
Mali,12/9/2015,8,6,,
Nigeria,12/9/2015,20,8,,
Senegal,12/9/2015,1,0,,
Sierra Leone,12/9/2015,14122,3955,,
Spain,12/9/2015,1,0,,
United Kingdom,12/9/2015,1,0,,
United States of America,12/9/2015,4,1,,
Guinea,12/10/2015,3804,2536,,
Italy,12/10/2015,1,0,,
Liberia,12/10/2015,10666,4806,,
Mali,12/10/2015,8,6,,
Nigeria,12/10/2015,20,8,,
Senegal,12/10/2015,1,0,,
Sierra Leone,12/10/2015,14122,3955,,
Spain,12/10/2015,1,0,,
United Kingdom,12/10/2015,1,0,,
United States of America,12/10/2015,4,1,,
Guinea,12/11/2015,3804,2536,,
Italy,12/11/2015,1,0,,
Liberia,12/11/2015,10666,4806,,
Mali,12/11/2015,8,6,,
Nigeria,12/11/2015,20,8,,
Senegal,12/11/2015,1,0,,
Sierra Leone,12/11/2015,14122,3955,,
Spain,12/11/2015,1,0,,
United Kingdom,12/11/2015,1,0,,
United States of America,12/11/2015,4,1,,
Guinea,12/15/2015,3807,2536,,
Italy,12/15/2015,1,0,,
Liberia,12/15/2015,10666,4806,,
Mali,12/15/2015,8,6,,
Nigeria,12/15/2015,20,8,,
Senegal,12/15/2015,1,0,,
Sierra Leone,12/15/2015,14122,3955,,
Spain,12/15/2015,1,0,,
United Kingdom,12/15/2015,1,0,,
United States of America,12/15/2015,4,1,,
Guinea,12/16/2015,3807,2536,,
Italy,12/16/2015,1,0,,
Liberia,12/16/2015,10666,4806,,
Mali,12/16/2015,8,6,,
Nigeria,12/16/2015,20,8,,
Senegal,12/16/2015,1,0,,
Sierra Leone,12/16/2015,14122,3955,,
Spain,12/16/2015,1,0,,
United Kingdom,12/16/2015,1,0,,
United States of America,12/16/2015,4,1,,
Guinea,12/17/2015,3805,2536,,
Italy,12/17/2015,1,0,,
Liberia,12/17/2015,10666,4806,,
Mali,12/17/2015,8,6,,
Nigeria,12/17/2015,20,8,,
Senegal,12/17/2015,1,0,,
Sierra Leone,12/17/2015,14122,3955,,
Spain,12/17/2015,1,0,,
United Kingdom,12/17/2015,1,0,,
United States of America,12/17/2015,4,1,,
Guinea,12/22/2015,3804,2536,,
Italy,12/22/2015,1,0,,
Liberia,12/22/2015,10666,4806,,
Mali,12/22/2015,8,6,,
Nigeria,12/22/2015,20,8,,
Senegal,12/22/2015,1,0,,
Sierra Leone,12/22/2015,14122,3955,,
Spain,12/22/2015,1,0,,
United Kingdom,12/22/2015,1,0,,
United States of America,12/22/2015,4,1,,
Guinea,12/23/2015,3804,2536,,
Italy,12/23/2015,1,0,,
Liberia,12/23/2015,10666,4806,,
Mali,12/23/2015,8,6,,
Nigeria,12/23/2015,20,8,,
Senegal,12/23/2015,1,0,,
Sierra Leone,12/23/2015,14122,3955,,
Spain,12/23/2015,1,0,,
United Kingdom,12/23/2015,1,0,,
United States of America,12/23/2015,4,1,,
Guinea,12/29/2015,3804,2536,,
Italy,12/29/2015,1,0,,
Liberia,12/29/2015,10666,4806,,
Mali,12/29/2015,8,6,,
Nigeria,12/29/2015,20,8,,
Senegal,12/29/2015,1,0,,
Sierra Leone,12/29/2015,14122,3955,,
Spain,12/29/2015,1,0,,
United Kingdom,12/29/2015,1,0,,
United States of America,12/29/2015,4,1,,
Guinea,3/23/2016,3804,2536,,
Italy,3/23/2016,1,0,,
Liberia,3/23/2016,10666,4806,,
Mali,3/23/2016,8,6,,
Nigeria,3/23/2016,20,8,,
Senegal,3/23/2016,1,0,,
Sierra Leone,3/23/2016,14122,3955,,
Spain,3/23/2016,1,0,,
United Kingdom,3/23/2016,1,0,,
United States of America,3/23/2016,4,1,,
